wialon_id,nm,cls,mu,pos_t,pos_y,pos_x,registration_plate,payload_json
28991328,BPA_Daewoo BH 120F GDW 807JR12,2,0,1771242141,49.65237,59.182998,807JR12,"{""id"": 28991328, ""mu"": 0, ""nm"": ""BPA_Daewoo BH 120F GDW 807JR12"", ""cfl"": 1811, ""cls"": 2, ""cnm"": 94423, ""pos"": {""c"": 321, ""f"": 7, ""s"": 0, ""t"": 1771242141, ""x"": 59.182998, ""y"": 49.65237, ""z"": -9, ""lc"": 0, ""sc"": 15}, ""cneh"": 3505.73083333, ""cnkb"": 120055, ""uacl"": 4178867978239, ""pflds"": {""1"": {""n"": ""model"", ""v"": ""Daewoo BH 120F"", ""ct"": 1751608245, ""id"": 1, ""mt"": 1751608245}, ""2"": {""n"": ""registration_plate"", ""v"": ""807JR12"", ""ct"": 1751608245, ""id"": 2, ""mt"": 1752212313}}, ""cnm_km"": 94423, ""pfldsmax"": 0}"
28991335,BPA_Daewoo BH 120F GDW 838VW12,2,0,1771267736,49.652743,59.183205,838VW12,"{""id"": 28991335, ""mu"": 0, ""nm"": ""BPA_Daewoo BH 120F GDW 838VW12"", ""cfl"": 1811, ""cls"": 2, ""cnm"": 107902, ""pos"": {""c"": 0, ""f"": 7, ""s"": 0, ""t"": 1771267736, ""x"": 59.183205, ""y"": 49.652743, ""z"": 6, ""lc"": 0, ""sc"": 15}, ""cneh"": 5126.61944444, ""cnkb"": 197855, ""uacl"": 4178867978239, ""pflds"": {""1"": {""n"": ""vehicle_class"", ""v"": ""empty_vehicle"", ""ct"": 1738399861, ""id"": 1, ""mt"": 1738399861}, ""2"": {""n"": ""registration_plate"", ""v"": ""838VW12"", ""ct"": 1751608451, ""id"": 2, ""mt"": 1752211094}, ""3"": {""n"": ""model"", ""v"": ""Daewoo BH 120F GDW"", ""ct"": 1751608451, ""id"": 3, ""mt"": 1751608451}}, ""cnm_km"": 107902, ""pfldsmax"": 0}"
28991347,BPA_Daewoo BH 120F GDW 968EG12,2,0,1771302004,49.516448,60.078918,968EG12,"{""id"": 28991347, ""mu"": 0, ""nm"": ""BPA_Daewoo BH 120F GDW 968EG12"", ""cfl"": 1811, ""cls"": 2, ""cnm"": 124816, ""pos"": {""c"": 294, ""f"": 7, ""s"": 0, ""t"": 1771302004, ""x"": 60.078918, ""y"": 49.516448, ""z"": 154, ""lc"": 0, ""sc"": 15}, ""cneh"": 4900.85833333, ""cnkb"": 169242, ""uacl"": 4178867978239, ""pflds"": {""1"": {""n"": ""vehicle_class"", ""v"": ""empty_vehicle"", ""ct"": 1738400038, ""id"": 1, ""mt"": 1738400038}, ""2"": {""n"": ""model"", ""v"": ""Daewoo BH 120F GDW"", ""ct"": 1751608497, ""id"": 2, ""mt"": 1751608497}, ""3"": {""n"": ""registration_plate"", ""v"": ""968EG12"", ""ct"": 1751608497, ""id"": 3, ""mt"": 1752212333}}, ""cnm_km"": 124816, ""pfldsmax"": 0}"
28991352,BPA_Daewoo BH 120F GDW 050ND12,2,0,1770560965,49.65335,59.18309,050ND12,"{""id"": 28991352, ""mu"": 0, ""nm"": ""BPA_Daewoo BH 120F GDW 050ND12"", ""cfl"": 1811, ""cls"": 2, ""cnm"": 155247, ""pos"": {""c"": 261, ""f"": 7, ""s"": 0, ""t"": 1770560965, ""x"": 59.18309, ""y"": 49.65335, ""z"": -14, ""lc"": 0, ""sc"": 15}, ""cneh"": 6149.13833333, ""cnkb"": 198273, ""uacl"": 4178867978239, ""pflds"": {""1"": {""n"": ""vehicle_class"", ""v"": ""empty_vehicle"", ""ct"": 1738400230, ""id"": 1, ""mt"": 1738400230}, ""2"": {""n"": ""registration_plate"", ""v"": ""050ND12"", ""ct"": 1751608518, ""id"": 2, ""mt"": 1752212349}, ""3"": {""n"": ""model"", ""v"": ""Daewoo BH 120F GDW"", ""ct"": 1751608518, ""id"": 3, ""mt"": 1751608518}}, ""cnm_km"": 155247, ""pfldsmax"": 0}"
28991362,BPA_Daewoo BH 120F GDW 604QR12,2,0,1771302005,49.503725,60.081713,604QR12,"{""id"": 28991362, ""mu"": 0, ""nm"": ""BPA_Daewoo BH 120F GDW 604QR12"", ""cfl"": 1811, ""cls"": 2, ""cnm"": 427981, ""pos"": {""c"": 265, ""f"": 7, ""s"": 0, ""t"": 1771302005, ""x"": 60.081713, ""y"": 49.503725, ""z"": 149, ""lc"": 0, ""sc"": 15}, ""cneh"": 4729.10916667, ""cnkb"": 276645, ""uacl"": 4178867978239, ""pflds"": {""1"": {""n"": ""registration_plate"", ""v"": ""604QR12"", ""ct"": 1751608546, ""id"": 1, ""mt"": 1752210970}, ""2"": {""n"": ""model"", ""v"": ""Daewoo BH 120F GDW"", ""ct"": 1751608546, ""id"": 2, ""mt"": 1751608546}}, ""cnm_km"": 427981, ""pfldsmax"": 0}"
28996029,BPA_Daewoo BH-120F GDW 357UJ12,2,0,1771254459,49.653328,59.183021,357UJ12,"{""id"": 28996029, ""mu"": 0, ""nm"": ""BPA_Daewoo BH-120F GDW 357UJ12"", ""cfl"": 1811, ""cls"": 2, ""cnm"": 441765, ""pos"": {""c"": 47, ""f"": 7, ""s"": 0, ""t"": 1771254459, ""x"": 59.183021, ""y"": 49.653328, ""z"": -23, ""lc"": 0, ""sc"": 15}, ""cneh"": 4472.895, ""cnkb"": 102658, ""uacl"": 4178867978239, ""pflds"": {""1"": {""n"": ""registration_plate"", ""v"": ""357UJ12"", ""ct"": 1751608564, ""id"": 1, ""mt"": 1752210960}, ""2"": {""n"": ""model"", ""v"": ""Daewoo BH-120F GDW"", ""ct"": 1751608564, ""id"": 2, ""mt"": 1751608564}}, ""cnm_km"": 441765, ""pfldsmax"": 0}"
28996025,BPA_Daewoo BH-120F GDW 813BC12,2,0,1771218774,49.653918,59.182918,813BC12,"{""id"": 28996025, ""mu"": 0, ""nm"": ""BPA_Daewoo BH-120F GDW 813BC12"", ""cfl"": 16, ""cls"": 2, ""cnm"": 0, ""pos"": {""c"": 78, ""f"": 7, ""s"": 0, ""t"": 1771218774, ""x"": 59.182918, ""y"": 49.653918, ""z"": -4, ""lc"": 0, ""sc"": 15}, ""cneh"": 0, ""cnkb"": 0, ""uacl"": 4178867978239, ""pflds"": {""1"": {""n"": ""registration_plate"", ""v"": ""813BC12"", ""ct"": 1751608581, ""id"": 1, ""mt"": 1752210949}, ""2"": {""n"": ""model"", ""v"": ""Daewoo BH 120F"", ""ct"": 1751608581, ""id"": 2, ""mt"": 1751608581}}, ""cnm_km"": 0, ""pfldsmax"": 0}"
28996027,BPA_Daewoo BH-120F GDW 834ZX12,2,0,1771233063,49.653018,59.182048,834ZX12,"{""id"": 28996027, ""mu"": 0, ""nm"": ""BPA_Daewoo BH-120F GDW 834ZX12"", ""cfl"": 1811, ""cls"": 2, ""cnm"": 427328, ""pos"": {""c"": 39, ""f"": 7, ""s"": 0, ""t"": 1771233063, ""x"": 59.182048, ""y"": 49.653018, ""z"": 26, ""lc"": 0, ""sc"": 12}, ""cneh"": 3955.13138889, ""cnkb"": 86980, ""uacl"": 4178867978239, ""pflds"": {""1"": {""n"": ""registration_plate"", ""v"": ""834ZX12"", ""ct"": 1751608604, ""id"": 1, ""mt"": 1752210978}, ""2"": {""n"": ""model"", ""v"": ""Daewoo BH 120F"", ""ct"": 1751608604, ""id"": 2, ""mt"": 1751608604}}, ""cnm_km"": 427328, ""pfldsmax"": 0}"
28996028,BPA_Daewoo BH-120F GDW 569EA12,2,0,1771287803,49.653275,59.183325,569EA12,"{""id"": 28996028, ""mu"": 0, ""nm"": ""BPA_Daewoo BH-120F GDW 569EA12"", ""cfl"": 1811, ""cls"": 2, ""cnm"": 448842, ""pos"": {""c"": 0, ""f"": 7, ""s"": 0, ""t"": 1771287803, ""x"": 59.183325, ""y"": 49.653275, ""z"": -26, ""lc"": 0, ""sc"": 15}, ""cneh"": 4592.47583333, ""cnkb"": 111869, ""uacl"": 4178867978239, ""pflds"": {""1"": {""n"": ""registration_plate"", ""v"": ""569EA12"", ""ct"": 1751608617, ""id"": 1, ""mt"": 1752210986}, ""2"": {""n"": ""model"", ""v"": ""Daewoo BH 120F"", ""ct"": 1751608617, ""id"": 2, ""mt"": 1751608617}}, ""cnm_km"": 448842, ""pfldsmax"": 0}"
28996024,BPA_Daewoo BH-120F GDW 732FQ12,2,0,1771298815,49.503713,60.081995,732FQ12,"{""id"": 28996024, ""mu"": 0, ""nm"": ""BPA_Daewoo BH-120F GDW 732FQ12"", ""cfl"": 16, ""cls"": 2, ""cnm"": 0, ""pos"": {""c"": 294, ""f"": 7, ""s"": 0, ""t"": 1771298815, ""x"": 60.081995, ""y"": 49.503713, ""z"": 148, ""lc"": 0, ""sc"": 15}, ""cneh"": 0, ""cnkb"": 0, ""uacl"": 4178867978239, ""pflds"": {""1"": {""n"": ""registration_plate"", ""v"": ""732FQ12"", ""ct"": 1751608629, ""id"": 1, ""mt"": 1752211009}, ""2"": {""n"": ""model"", ""v"": ""Daewoo BH 120F"", ""ct"": 1751608629, ""id"": 2, ""mt"": 1751608629}}, ""cnm_km"": 0, ""pfldsmax"": 0}"
28991366,BPA_Daewoo BH-120F GDW 744AD12,2,0,1771299978,49.503705,60.081848,744AD12,"{""id"": 28991366, ""mu"": 0, ""nm"": ""BPA_Daewoo BH-120F GDW 744AD12"", ""cfl"": 1811, ""cls"": 2, ""cnm"": 437912, ""pos"": {""c"": 259, ""f"": 7, ""s"": 0, ""t"": 1771299978, ""x"": 60.081848, ""y"": 49.503705, ""z"": 146, ""lc"": 0, ""sc"": 15}, ""cneh"": 3181.43444444, ""cnkb"": 105062, ""uacl"": 4178867978239, ""pflds"": {""3"": {""n"": ""model"", ""v"": ""Daewoo BH 120F"", ""ct"": 1738400664, ""id"": 3, ""mt"": 1751608659}, ""4"": {""n"": ""registration_plate"", ""v"": ""744AD12"", ""ct"": 1738400664, ""id"": 4, ""mt"": 1752212365}}, ""cnm_km"": 437912, ""pfldsmax"": 0}"
26454911,BPA_Hyundai County 091ZZ12,2,0,1771302017,49.563405,60.371076,091ZZ12,"{""id"": 26454911, ""mu"": 0, ""nm"": ""BPA_Hyundai County 091ZZ12"", ""cfl"": 1808, ""cls"": 2, ""cnm"": 409308, ""pos"": {""c"": 290, ""f"": 7, ""s"": 0, ""t"": 1771302017, ""x"": 60.371076, ""y"": 49.563405, ""z"": 148, ""lc"": 0, ""sc"": 15}, ""cneh"": 12854.2052778, ""cnkb"": 461331, ""uacl"": 4178867978239, ""pflds"": {""1"": {""n"": ""registration_plate"", ""v"": ""091ZZ12"", ""ct"": 1738299252, ""id"": 1, ""mt"": 1752212498}, ""3"": {""n"": ""model"", ""v"": ""Hyundai CountÑ"", ""ct"": 1738299252, ""id"": 3, ""mt"": 1751609729}, ""4"": {""n"": ""color"", ""v"": ""Galileosky 7x"", ""ct"": 1738299252, ""id"": 4, ""mt"": 1738299252}}, ""cnm_km"": 409308, ""pfldsmax"": 0}"
26454950,BPA_Hyundai County 622TL12,2,0,1771302072,49.592605,59.681985,622TL12,"{""id"": 26454950, ""mu"": 0, ""nm"": ""BPA_Hyundai County 622TL12"", ""cfl"": 1808, ""cls"": 2, ""cnm"": 384601, ""pos"": {""c"": 291, ""f"": 5, ""s"": 81, ""t"": 1771302072, ""x"": 59.681985, ""y"": 49.592605, ""z"": -103, ""lc"": 0, ""sc"": 15}, ""cneh"": 1055869.54222, ""cnkb"": 313552, ""uacl"": 4178867978239, ""pflds"": {""1"": {""n"": ""registration_plate"", ""v"": ""622TL12"", ""ct"": 1675235033, ""id"": 1, ""mt"": 1752212443}, ""3"": {""n"": ""model"", ""v"": ""Hyundai CountÑ"", ""ct"": 1738298537, ""id"": 3, ""mt"": 1751609793}, ""4"": {""n"": ""color"", ""v"": ""Galileosky 5.0"", ""ct"": 1738298537, ""id"": 4, ""mt"": 1738298537}}, ""cnm_km"": 384601, ""pfldsmax"": 0}"
26454963,BPA_Hyundai County 711 LA12,2,0,1771302041,49.653045,59.181505,711 LA12,"{""id"": 26454963, ""mu"": 0, ""nm"": ""BPA_Hyundai County 711 LA12"", ""cfl"": 1808, ""cls"": 2, ""cnm"": 385715, ""pos"": {""c"": 0, ""f"": 7, ""s"": 0, ""t"": 1771302041, ""x"": 59.181505, ""y"": 49.653045, ""z"": 18, ""lc"": 0, ""sc"": 15}, ""cneh"": 1055955.56083, ""cnkb"": 405322, ""uacl"": 4178867978239, ""pflds"": {""1"": {""n"": ""registration_plate"", ""v"": ""711 LA12"", ""ct"": 1738298498, ""id"": 1, ""mt"": 1752212575}, ""3"": {""n"": ""model"", ""v"": ""Hyundai CountÑ"", ""ct"": 1738298498, ""id"": 3, ""mt"": 1751609804}, ""4"": {""n"": ""color"", ""v"": ""Galileosky 7x"", ""ct"": 1738298498, ""id"": 4, ""mt"": 1738298498}}, ""cnm_km"": 385715, ""pfldsmax"": 0}"
26454971,BPA_Hyundai County 809 EC12,2,0,1771302066,49.6536,59.182133,809 EC12,"{""id"": 26454971, ""mu"": 0, ""nm"": ""BPA_Hyundai County 809 EC12"", ""cfl"": 1808, ""cls"": 2, ""cnm"": 467036, ""pos"": {""c"": 10, ""f"": 7, ""s"": 0, ""t"": 1771302066, ""x"": 59.182133, ""y"": 49.6536, ""z"": -2, ""lc"": 0, ""sc"": 15}, ""cneh"": 28254.9708333, ""cnkb"": 340082, ""uacl"": 4178867978239, ""pflds"": {""1"": {""n"": ""registration_plate"", ""v"": ""809 EC12"", ""ct"": 1738298580, ""id"": 1, ""mt"": 1752212593}, ""3"": {""n"": ""model"", ""v"": ""Hyundai CountÑ"", ""ct"": 1738298580, ""id"": 3, ""mt"": 1751609816}, ""4"": {""n"": ""color"", ""v"": ""Galileosky 7x"", ""ct"": 1738298580, ""id"": 4, ""mt"": 1738298580}}, ""cnm_km"": 467036, ""pfldsmax"": 0}"
26455003,BPA_Hyundai County 029 TR12,2,0,1771302041,49.547333,60.125655,029 TR12,"{""id"": 26455003, ""mu"": 0, ""nm"": ""BPA_Hyundai County 029 TR12"", ""cfl"": 1808, ""cls"": 2, ""cnm"": 446053, ""pos"": {""c"": 63, ""f"": 5, ""s"": 0, ""t"": 1771302041, ""x"": 60.125655, ""y"": 49.547333, ""z"": 155, ""lc"": 0, ""sc"": 15}, ""cneh"": 1058021.46639, ""cnkb"": 393639, ""uacl"": 4178867978239, ""pflds"": {""1"": {""n"": ""registration_plate"", ""v"": ""029 TR12"", ""ct"": 1738298612, ""id"": 1, ""mt"": 1752212625}, ""3"": {""n"": ""model"", ""v"": ""Hyundai CountÑ"", ""ct"": 1738298612, ""id"": 3, ""mt"": 1751609839}, ""4"": {""n"": ""color"", ""v"": ""Galileosky 5.0"", ""ct"": 1738298612, ""id"": 4, ""mt"": 1738298612}}, ""cnm_km"": 446053, ""pfldsmax"": 0}"
26455112,BPA_Hyundai County 045 MQ12,2,0,1771302030,49.650405,59.171198,045 MQ12,"{""id"": 26455112, ""mu"": 0, ""nm"": ""BPA_Hyundai County 045 MQ12"", ""cfl"": 1808, ""cls"": 2, ""cnm"": 447106, ""pos"": {""c"": 309, ""f"": 7, ""s"": 0, ""t"": 1771302030, ""x"": 59.171198, ""y"": 49.650405, ""z"": 6, ""lc"": 0, ""sc"": 15}, ""cneh"": 1061875.12556, ""cnkb"": 509769, ""uacl"": 4178867978239, ""pflds"": {""1"": {""n"": ""registration_plate"", ""v"": ""045 MQ12"", ""ct"": 1738298641, ""id"": 1, ""mt"": 1752213919}, ""3"": {""n"": ""model"", ""v"": ""Hyundai CountÑ"", ""ct"": 1738298641, ""id"": 3, ""mt"": 1751609897}, ""4"": {""n"": ""color"", ""v"": ""Galileosky 7x"", ""ct"": 1738298641, ""id"": 4, ""mt"": 1738298641}}, ""cnm_km"": 447106, ""pfldsmax"": 0}"
29835971,ÐÐ¢Ð_119 ZU|12 Yutong Ð°Ð²ÑÐ¾Ð±ÑÑ,2,0,1771302076,49.65304,59.182373,,"{""id"": 29835971, ""mu"": 0, ""nm"": ""ÐÐ¢Ð_119 ZU|12 Yutong Ð°Ð²ÑÐ¾Ð±ÑÑ"", ""cfl"": 1811, ""cls"": 2, ""cnm"": 3934, ""pos"": {""c"": 0, ""f"": 7, ""s"": 0, ""t"": 1771302076, ""x"": 59.182373, ""y"": 49.65304, ""z"": -8, ""lc"": 0, ""sc"": 15}, ""cneh"": 180.016111111, ""cnkb"": 16422, ""uacl"": 4178867978239, ""pflds"": {}, ""cnm_km"": 3934, ""pfldsmax"": 0}"
26454919,BPA_Hyundai County kz586JN12,2,0,1771302039,49.653205,59.181366,kz586JN12,"{""id"": 26454919, ""mu"": 0, ""nm"": ""BPA_Hyundai County kz586JN12"", ""cfl"": 1811, ""cls"": 2, ""cnm"": 415238, ""pos"": {""c"": 317, ""f"": 7, ""s"": 0, ""t"": 1771302039, ""x"": 59.181366, ""y"": 49.653205, ""z"": 8, ""lc"": 0, ""sc"": 15}, ""cneh"": 16131.1375, ""cnkb"": 419423, ""uacl"": 4178867978239, ""pflds"": {""1"": {""n"": ""registration_plate"", ""v"": ""kz586JN12"", ""ct"": 1738299075, ""id"": 1, ""mt"": 1752212517}, ""3"": {""n"": ""model"", ""v"": ""Hyundai CountÑ"", ""ct"": 1738299075, ""id"": 3, ""mt"": 1751609745}, ""4"": {""n"": ""color"", ""v"": ""Galileosky 7x"", ""ct"": 1738299075, ""id"": 4, ""mt"": 1738299075}}, ""cnm_km"": 415238, ""pfldsmax"": 0}"
26454928,BPA_Hyundai County KZ203TU12,2,0,1770780227,49.653551,59.182226,KZ203TU12,"{""id"": 26454928, ""mu"": 0, ""nm"": ""BPA_Hyundai County KZ203TU12"", ""cfl"": 1808, ""cls"": 2, ""cnm"": 420730, ""pos"": {""c"": 226, ""f"": 5, ""s"": 0, ""t"": 1770780227, ""x"": 59.182226, ""y"": 49.653551, ""z"": -8, ""lc"": 0, ""sc"": 15}, ""cneh"": 13920.1308333, ""cnkb"": 428326, ""uacl"": 4178867978239, ""pflds"": {""1"": {""n"": ""registration_plate"", ""v"": ""KZ203TU12"", ""ct"": 1738300753, ""id"": 1, ""mt"": 1752212539}, ""3"": {""n"": ""model"", ""v"": ""Hyundai CountÑ"", ""ct"": 1738300753, ""id"": 3, ""mt"": 1751609758}, ""4"": {""n"": ""color"", ""v"": ""Galileosky 5.0"", ""ct"": 1738300753, ""id"": 4, ""mt"": 1738300753}}, ""cnm_km"": 420730, ""pfldsmax"": 0}"
26454934,BPA_Hyundai County KZ170IE12,2,0,1771302070,49.653653,59.182176,KZ170IE12,"{""id"": 26454934, ""mu"": 0, ""nm"": ""BPA_Hyundai County KZ170IE12"", ""cfl"": 1808, ""cls"": 2, ""cnm"": 436247, ""pos"": {""c"": 236, ""f"": 5, ""s"": 0, ""t"": 1771302070, ""x"": 59.182176, ""y"": 49.653653, ""z"": -7, ""lc"": 0, ""sc"": 15}, ""cneh"": 8116.41722222, ""cnkb"": 425625, ""uacl"": 4178867978239, ""pflds"": {""1"": {""n"": ""registration_plate"", ""v"": ""KZ170IE12"", ""ct"": 1738300665, ""id"": 1, ""mt"": 1752212708}, ""3"": {""n"": ""model"", ""v"": ""Hyundai CountÑ"", ""ct"": 1738300665, ""id"": 3, ""mt"": 1751609770}, ""4"": {""n"": ""color"", ""v"": ""Galileosky 5.0"", ""ct"": 1738300665, ""id"": 4, ""mt"": 1738300665}}, ""cnm_km"": 436247, ""pfldsmax"": 0}"
26454940,BPA_Hyundai County KZ606DM12,2,0,1771302063,49.652995,59.181275,KZ606DM12,"{""id"": 26454940, ""mu"": 0, ""nm"": ""BPA_Hyundai County KZ606DM12"", ""cfl"": 1811, ""cls"": 2, ""cnm"": 646935, ""pos"": {""c"": 228, ""f"": 7, ""s"": 0, ""t"": 1771302063, ""x"": 59.181275, ""y"": 49.652995, ""z"": -8, ""lc"": 0, ""sc"": 15}, ""cneh"": 173097.088889, ""cnkb"": 441923, ""uacl"": 4178867978239, ""pflds"": {""1"": {""n"": ""registration_plate"", ""v"": ""KZ606DM12"", ""ct"": 1738299213, ""id"": 1, ""mt"": 1752212558}, ""3"": {""n"": ""model"", ""v"": ""Hyundai CountÑ"", ""ct"": 1738299213, ""id"": 3, ""mt"": 1751609781}, ""4"": {""n"": ""color"", ""v"": ""Galileosky 7x"", ""ct"": 1738299213, ""id"": 4, ""mt"": 1738299213}}, ""cnm_km"": 646935, ""pfldsmax"": 0}"
26454977,BPA_Hyundai County KZ784PO12,2,0,1771302065,49.653323,59.181748,KZ784PO12,"{""id"": 26454977, ""mu"": 0, ""nm"": ""BPA_Hyundai County KZ784PO12"", ""cfl"": 1808, ""cls"": 2, ""cnm"": 396390, ""pos"": {""c"": 267, ""f"": 7, ""s"": 0, ""t"": 1771302065, ""x"": 59.181748, ""y"": 49.653323, ""z"": -5, ""lc"": 0, ""sc"": 15}, ""cneh"": 12491.5144444, ""cnkb"": 368298, ""uacl"": 4178867978239, ""pflds"": {""1"": {""n"": ""registration_plate"", ""v"": ""KZ784PO12"", ""ct"": 1738298705, ""id"": 1, ""mt"": 1752212608}, ""3"": {""n"": ""model"", ""v"": ""Hyundai CountÑ"", ""ct"": 1738298705, ""id"": 3, ""mt"": 1751609826}, ""4"": {""n"": ""color"", ""v"": ""Galileosky 7x"", ""ct"": 1738298705, ""id"": 4, ""mt"": 1738298705}}, ""cnm_km"": 396390, ""pfldsmax"": 0}"
26455015,BPA_Hyundai County KZ692HC12,2,0,1771302063,49.570683,59.753118,KZ692HC12,"{""id"": 26455015, ""mu"": 0, ""nm"": ""BPA_Hyundai County KZ692HC12"", ""cfl"": 1808, ""cls"": 2, ""cnm"": 432789, ""pos"": {""c"": 265, ""f"": 5, ""s"": 92, ""t"": 1771302063, ""x"": 59.753118, ""y"": 49.570683, ""z"": -19, ""lc"": 0, ""sc"": 15}, ""cneh"": 17549.6780556, ""cnkb"": 322035, ""uacl"": 4178867978239, ""pflds"": {""1"": {""n"": ""color"", ""v"": ""Galileosky 5.0"", ""ct"": 1738299039, ""id"": 1, ""mt"": 1738299039}, ""2"": {""n"": ""registration_plate"", ""v"": ""KZ692HC12"", ""ct"": 1738299039, ""id"": 2, ""mt"": 1752212639}, ""4"": {""n"": ""model"", ""v"": ""Hyundai CountÑ"", ""ct"": 1738299039, ""id"": 4, ""mt"": 1751609849}}, ""cnm_km"": 432789, ""pfldsmax"": 0}"
26455028,BPA_Hyundai County KZ332WO12,2,0,1771300936,49.652978,59.181258,KZ332WO12,"{""id"": 26455028, ""mu"": 0, ""nm"": ""BPA_Hyundai County KZ332WO12"", ""cfl"": 1808, ""cls"": 2, ""cnm"": 663398, ""pos"": {""c"": 242, ""f"": 5, ""s"": 3, ""t"": 1771300936, ""x"": 59.181258, ""y"": 49.652978, ""z"": 4, ""lc"": 0, ""sc"": 15}, ""cneh"": 35905.6563889, ""cnkb"": 441467, ""uacl"": 4178867978239, ""pflds"": {""1"": {""n"": ""registration_plate"", ""v"": ""KZ332WO12"", ""ct"": 1738300722, ""id"": 1, ""mt"": 1752212679}, ""3"": {""n"": ""model"", ""v"": ""Hyundai CountÑ"", ""ct"": 1738300722, ""id"": 3, ""mt"": 1751609863}, ""4"": {""n"": ""color"", ""v"": ""Galileosky 5.0"", ""ct"": 1738300723, ""id"": 4, ""mt"": 1738300723}}, ""cnm_km"": 663398, ""pfldsmax"": 0}"
26455038,BPA_Hyundai County KZ293 PO12,2,0,1771302056,51.35142,59.903743,KZ293 PO12,"{""id"": 26455038, ""mu"": 0, ""nm"": ""BPA_Hyundai County KZ293 PO12"", ""cfl"": 1808, ""cls"": 2, ""cnm"": 462212, ""pos"": {""c"": 168, ""f"": 7, ""s"": 0, ""t"": 1771302056, ""x"": 59.903743, ""y"": 51.35142, ""z"": -20, ""lc"": 0, ""sc"": 15}, ""cneh"": 16593.4872222, ""cnkb"": 462650, ""uacl"": 4178867978239, ""pflds"": {""1"": {""n"": ""registration_plate"", ""v"": ""KZ293 PO12"", ""ct"": 1738300695, ""id"": 1, ""mt"": 1752212724}, ""3"": {""n"": ""model"", ""v"": ""Hyundai CountÑ"", ""ct"": 1738300695, ""id"": 3, ""mt"": 1751609875}, ""4"": {""n"": ""color"", ""v"": ""Galileosky 7x"", ""ct"": 1738300695, ""id"": 4, ""mt"": 1738300695}}, ""cnm_km"": 462212, ""pfldsmax"": 0}"
26455107,BPA_Hyundai County KZ272AF12,2,0,1771302024,49.65317,59.181231,KZ272AF12,"{""id"": 26455107, ""mu"": 0, ""nm"": ""BPA_Hyundai County KZ272AF12"", ""cfl"": 1808, ""cls"": 2, ""cnm"": 653620, ""pos"": {""c"": 0, ""f"": 7, ""s"": 0, ""t"": 1771302024, ""x"": 59.181231, ""y"": 49.65317, ""z"": -10, ""lc"": 0, ""sc"": 9}, ""cneh"": 175371.927222, ""cnkb"": 436475, ""uacl"": 4178867978239, ""pflds"": {""1"": {""n"": ""registration_plate"", ""v"": ""KZ272AF12"", ""ct"": 1738298676, ""id"": 1, ""mt"": 1752212693}, ""3"": {""n"": ""model"", ""v"": ""Hyundai CountÑ"", ""ct"": 1738298676, ""id"": 3, ""mt"": 1751609887}, ""4"": {""n"": ""color"", ""v"": ""Galileosky 7x"", ""ct"": 1738298676, ""id"": 4, ""mt"": 1738298676}}, ""cnm_km"": 653620, ""pfldsmax"": 0}"
26455134,BPA_Hyundai County kz743 OB12,2,0,1771302051,49.563361,60.371213,743 OB | 12,"{""id"": 26455134, ""mu"": 0, ""nm"": ""BPA_Hyundai County kz743 OB12"", ""cfl"": 1808, ""cls"": 2, ""cnm"": 467494, ""pos"": {""c"": 287, ""f"": 5, ""s"": 0, ""t"": 1771302051, ""x"": 60.371213, ""y"": 49.563361, ""z"": 149, ""lc"": 0, ""sc"": 15}, ""cneh"": 177185.097778, ""cnkb"": 346582, ""uacl"": 4178867978239, ""pflds"": {""1"": {""n"": ""registration_plate"", ""v"": ""743 OB | 12"", ""ct"": 1675235709, ""id"": 1, ""mt"": 1738299109}, ""3"": {""n"": ""color"", ""v"": ""Galileosky 5.0"", ""ct"": 1738299109, ""id"": 3, ""mt"": 1738299109}, ""4"": {""n"": ""model"", ""v"": ""Hyundai CountÑ"", ""ct"": 1738299109, ""id"": 4, ""mt"": 1751609919}}, ""cnm_km"": 467494, ""pfldsmax"": 0}"
26456246,BPA_Hyundai Universe  205 SX12,2,0,1771302044,49.652593,59.181535,205 SX12,"{""id"": 26456246, ""mu"": 0, ""nm"": ""BPA_Hyundai Universe  205 SX12"", ""cfl"": 1808, ""cls"": 2, ""cnm"": 652000, ""pos"": {""c"": 265, ""f"": 7, ""s"": 0, ""t"": 1771302044, ""x"": 59.181535, ""y"": 49.652593, ""z"": -11, ""lc"": 0, ""sc"": 15}, ""cneh"": 14399.2969444, ""cnkb"": 606779, ""uacl"": 4178867978239, ""pflds"": {""1"": {""n"": ""model"", ""v"": ""Hyundai Universe"", ""ct"": 1738304354, ""id"": 1, ""mt"": 1751609261}, ""2"": {""n"": ""registration_plate"", ""v"": ""205 SX12"", ""ct"": 1738304354, ""id"": 2, ""mt"": 1752211753}, ""4"": {""n"": ""color"", ""v"": ""Galileosky 7x"", ""ct"": 1738304354, ""id"": 4, ""mt"": 1738304354}}, ""cnm_km"": 652000, ""pfldsmax"": 0}"
26455151,BPA_Hyundai Universe 301 FW12,2,0,1771300998,49.503801,60.081788,301 FW12,"{""id"": 26455151, ""mu"": 0, ""nm"": ""BPA_Hyundai Universe 301 FW12"", ""cfl"": 1808, ""cls"": 2, ""cnm"": 1578437, ""pos"": {""c"": 284, ""f"": 7, ""s"": 0, ""t"": 1771300998, ""x"": 60.081788, ""y"": 49.503801, ""z"": 146, ""lc"": 0, ""sc"": 15}, ""cneh"": 12228.7313889, ""cnkb"": 406784, ""uacl"": 4178867978239, ""pflds"": {""1"": {""n"": ""registration_plate"", ""v"": ""301 FW12"", ""ct"": 1738302669, ""id"": 1, ""mt"": 1752212235}, ""3"": {""n"": ""model"", ""v"": ""Hyundai Universe"", ""ct"": 1738302669, ""id"": 3, ""mt"": 1751608731}}, ""cnm_km"": 1578437, ""pfldsmax"": 0}"
26455160,BPA_Hyundai Universe 229 WV12,2,0,1771150453,49.652635,59.181633,229 WV12,"{""id"": 26455160, ""mu"": 0, ""nm"": ""BPA_Hyundai Universe 229 WV12"", ""cfl"": 1808, ""cls"": 2, ""cnm"": 1560595, ""pos"": {""c"": 0, ""f"": 5, ""s"": 0, ""t"": 1771150453, ""x"": 59.181633, ""y"": 49.652635, ""z"": -6, ""lc"": 0, ""sc"": 15}, ""cneh"": 31457.0288889, ""cnkb"": 356655, ""uacl"": 4178867978239, ""pflds"": {""1"": {""n"": ""vehicle_class"", ""v"": ""empty_vehicle"", ""ct"": 1713268253, ""id"": 1, ""mt"": 1713268253}, ""2"": {""n"": ""registration_plate"", ""v"": ""229 WV12"", ""ct"": 1738302950, ""id"": 2, ""mt"": 1752212277}, ""4"": {""n"": ""model"", ""v"": ""Hyundai Universe"", ""ct"": 1738302950, ""id"": 4, ""mt"": 1751608770}}, ""cnm_km"": 1560595, ""pfldsmax"": 0}"
26455165,BPA_Hyundai Universe 762 RA12,2,0,1771299160,49.652718,59.182995,762 RA12,"{""id"": 26455165, ""mu"": 0, ""nm"": ""BPA_Hyundai Universe 762 RA12"", ""cfl"": 1808, ""cls"": 2, ""cnm"": 1594170, ""pos"": {""c"": 0, ""f"": 7, ""s"": 0, ""t"": 1771299160, ""x"": 59.182995, ""y"": 49.652718, ""z"": -13, ""lc"": 0, ""sc"": 15}, ""cneh"": 11974.315, ""cnkb"": 325469, ""uacl"": 4178867978239, ""pflds"": {""1"": {""n"": ""registration_plate"", ""v"": ""762 RA12"", ""ct"": 1738302976, ""id"": 1, ""mt"": 1752212296}, ""3"": {""n"": ""model"", ""v"": ""Hyundai Universe"", ""ct"": 1738302976, ""id"": 3, ""mt"": 1751608787}}, ""cnm_km"": 1594170, ""pfldsmax"": 0}"
26455174,BPA_Hyundai Universe 402CX12,2,0,1771302024,49.653745,59.182965,402CX12,"{""id"": 26455174, ""mu"": 0, ""nm"": ""BPA_Hyundai Universe 402CX12"", ""cfl"": 1808, ""cls"": 2, ""cnm"": 483560, ""pos"": {""c"": 50, ""f"": 7, ""s"": 0, ""t"": 1771302024, ""x"": 59.182965, ""y"": 49.653745, ""z"": -13, ""lc"": 0, ""sc"": 15}, ""cneh"": 5559.865, ""cnkb"": 390685, ""uacl"": 4178867978239, ""pflds"": {""1"": {""n"": ""registration_plate"", ""v"": ""402CX12"", ""ct"": 1738303388, ""id"": 1, ""mt"": 1752211866}, ""3"": {""n"": ""model"", ""v"": ""Hyundai Universe"", ""ct"": 1738303388, ""id"": 3, ""mt"": 1751608804}}, ""cnm_km"": 483560, ""pfldsmax"": 0}"
26455182,BPA_Hyundai Universe 164ÐÐ¡12,2,0,1771302025,49.653553,59.182863,164ÐÐ¡12,"{""id"": 26455182, ""mu"": 0, ""nm"": ""BPA_Hyundai Universe 164ÐÐ¡12"", ""cfl"": 1808, ""cls"": 2, ""cnm"": 389643, ""pos"": {""c"": 294, ""f"": 5, ""s"": 0, ""t"": 1771302025, ""x"": 59.182863, ""y"": 49.653553, ""z"": -8, ""lc"": 0, ""sc"": 15}, ""cneh"": 4926.1625, ""cnkb"": 197394, ""uacl"": 4178867978239, ""pflds"": {""1"": {""n"": ""registration_plate"", ""v"": ""164ÐÐ¡12"", ""ct"": 1738303051, ""id"": 1, ""mt"": 1752211887}, ""3"": {""n"": ""model"", ""v"": ""Daewoo BH 120F"", ""ct"": 1738303051, ""id"": 3, ""mt"": 1751608818}}, ""cnm_km"": 389643, ""pfldsmax"": 0}"
26455315,BPA_Hyundai Universe 160UK12,2,0,1771301250,49.652873,59.181405,160UK12,"{""id"": 26455315, ""mu"": 0, ""nm"": ""BPA_Hyundai Universe 160UK12"", ""cfl"": 1808, ""cls"": 2, ""cnm"": 384202, ""pos"": {""c"": 0, ""f"": 5, ""s"": 0, ""t"": 1771301250, ""x"": 59.181405, ""y"": 49.652873, ""z"": 6, ""lc"": 0, ""sc"": 15}, ""cneh"": 6006.29722222, ""cnkb"": 460331, ""uacl"": 4178867978239, ""pflds"": {""1"": {""n"": ""registration_plate"", ""v"": ""160UK12"", ""ct"": 1738303026, ""id"": 1, ""mt"": 1752211904}, ""3"": {""n"": ""model"", ""v"": ""Hyundai Universe"", ""ct"": 1738303026, ""id"": 3, ""mt"": 1751608832}}, ""cnm_km"": 384202, ""pfldsmax"": 0}"
26455342,BPA_Hyundai Universe 351JT12,2,0,1771302040,49.692335,59.326715,351JT12,"{""id"": 26455342, ""mu"": 0, ""nm"": ""BPA_Hyundai Universe 351JT12"", ""cfl"": 1808, ""cls"": 2, ""cnm"": 373868, ""pos"": {""c"": 179, ""f"": 5, ""s"": 0, ""t"": 1771302040, ""x"": 59.326715, ""y"": 49.692335, ""z"": 8, ""lc"": 0, ""sc"": 15}, ""cneh"": 6432.06527778, ""cnkb"": 462612, ""uacl"": 4178867978239, ""pflds"": {""1"": {""n"": ""registration_plate"", ""v"": ""351JT12"", ""ct"": 1738303004, ""id"": 1, ""mt"": 1752211920}, ""3"": {""n"": ""model"", ""v"": ""Hyundai Universe"", ""ct"": 1738303004, ""id"": 3, ""mt"": 1751608845}}, ""cnm_km"": 373868, ""pfldsmax"": 0}"
26455352,BPA_Hyundai Universe 940 KW12,2,0,1771302071,49.653846,59.183313,940 KW12,"{""id"": 26455352, ""mu"": 0, ""nm"": ""BPA_Hyundai Universe 940 KW12"", ""cfl"": 1808, ""cls"": 2, ""cnm"": 699255, ""pos"": {""c"": 124, ""f"": 7, ""s"": 0, ""t"": 1771302071, ""x"": 59.183313, ""y"": 49.653846, ""z"": 1, ""lc"": 0, ""sc"": 13}, ""cneh"": 42744.9105556, ""cnkb"": 510798, ""uacl"": 4178867978239, ""pflds"": {""1"": {""n"": ""registration_plate"", ""v"": ""940 KW12"", ""ct"": 1738304131, ""id"": 1, ""mt"": 1752211207}, ""3"": {""n"": ""model"", ""v"": ""Hyundai Universe"", ""ct"": 1738304131, ""id"": 3, ""mt"": 1751608858}}, ""cnm_km"": 699255, ""pfldsmax"": 0}"
26455366,BPA_Hyundai Universe 340 PE12,2,0,1771302069,49.503665,60.081731,340 PE12,"{""id"": 26455366, ""mu"": 0, ""nm"": ""BPA_Hyundai Universe 340 PE12"", ""cfl"": 1811, ""cls"": 2, ""cnm"": 660165, ""pos"": {""c"": 81, ""f"": 7, ""s"": 0, ""t"": 1771302069, ""x"": 60.081731, ""y"": 49.503665, ""z"": 146, ""lc"": 0, ""sc"": 15}, ""cneh"": 16158.1958333, ""cnkb"": 402812, ""uacl"": 4178867978239, ""pflds"": {""1"": {""n"": ""registration_plate"", ""v"": ""340 PE12"", ""ct"": 1738303531, ""id"": 1, ""mt"": 1752212173}, ""2"": {""n"": ""model"", ""v"": ""Hyundai Universe"", ""ct"": 1738303531, ""id"": 2, ""mt"": 1751608871}}, ""cnm_km"": 660165, ""pfldsmax"": 0}"
26455373,BPA_Hyundai Universe 670 IS12,2,0,1771301785,49.652355,59.181901,670 IS12,"{""id"": 26455373, ""mu"": 0, ""nm"": ""BPA_Hyundai Universe 670 IS12"", ""cfl"": 1808, ""cls"": 2, ""cnm"": 565651, ""pos"": {""c"": 224, ""f"": 7, ""s"": 8, ""t"": 1771301785, ""x"": 59.181901, ""y"": 49.652355, ""z"": -4, ""lc"": 0, ""sc"": 15}, ""cneh"": 7756.0825, ""cnkb"": 604610, ""uacl"": 4178867978239, ""pflds"": {""1"": {""n"": ""registration_plate"", ""v"": ""670 IS12"", ""ct"": 1675236642, ""id"": 1, ""mt"": 1752212187}, ""2"": {""n"": ""model"", ""v"": ""Hyundai Universe"", ""ct"": 1738303822, ""id"": 2, ""mt"": 1751608888}, ""4"": {""n"": ""color"", ""v"": ""Galileosky 7x"", ""ct"": 1738303822, ""id"": 4, ""mt"": 1738303822}}, ""cnm_km"": 565651, ""pfldsmax"": 0}"
26455380,BPA_Hyundai Universe 910 CL12,2,0,1771302030,49.50381,60.081751,910 CL12,"{""id"": 26455380, ""mu"": 0, ""nm"": ""BPA_Hyundai Universe 910 CL12"", ""cfl"": 1808, ""cls"": 2, ""cnm"": 600924, ""pos"": {""c"": 264, ""f"": 7, ""s"": 0, ""t"": 1771302030, ""x"": 60.081751, ""y"": 49.50381, ""z"": 148, ""lc"": 0, ""sc"": 15}, ""cneh"": 14944.8119444, ""cnkb"": 513753, ""uacl"": 4178867978239, ""pflds"": {""1"": {""n"": ""registration_plate"", ""v"": ""910 CL12"", ""ct"": 1738303913, ""id"": 1, ""mt"": 1752212202}, ""2"": {""n"": ""model"", ""v"": ""Hyundai Universe"", ""ct"": 1738303914, ""id"": 2, ""mt"": 1751608900}, ""4"": {""n"": ""color"", ""v"": ""Galileosky 7x"", ""ct"": 1738303914, ""id"": 4, ""mt"": 1738303914}}, ""cnm_km"": 600924, ""pfldsmax"": 0}"
26455387,BPA_Hyundai Universe 408 ZE12,2,0,1771302073,49.762335,59.097946,408 ZE12,"{""id"": 26455387, ""mu"": 0, ""nm"": ""BPA_Hyundai Universe 408 ZE12"", ""cfl"": 1808, ""cls"": 2, ""cnm"": 588484, ""pos"": {""c"": 309, ""f"": 7, ""s"": 57, ""t"": 1771302073, ""x"": 59.097946, ""y"": 49.762335, ""z"": 8, ""lc"": 0, ""sc"": 15}, ""cneh"": 11992.5141667, ""cnkb"": 455078, ""uacl"": 4178867978239, ""pflds"": {""1"": {""n"": ""model"", ""v"": ""Hyundai Universe"", ""ct"": 1738303933, ""id"": 1, ""mt"": 1751608911}, ""2"": {""n"": ""registration_plate"", ""v"": ""408 ZE12"", ""ct"": 1738303933, ""id"": 2, ""mt"": 1752212219}, ""4"": {""n"": ""color"", ""v"": ""Galileosky 7x"", ""ct"": 1738303933, ""id"": 4, ""mt"": 1738303933}}, ""cnm_km"": 588484, ""pfldsmax"": 0}"
26455408,BPA_Hyundai Universe 253 NG12,2,0,1771236178,49.652365,59.181963,253 NG12,"{""id"": 26455408, ""mu"": 0, ""nm"": ""BPA_Hyundai Universe 253 NG12"", ""cfl"": 1808, ""cls"": 2, ""cnm"": 604723, ""pos"": {""c"": 4, ""f"": 7, ""s"": 0, ""t"": 1771236178, ""x"": 59.181963, ""y"": 49.652365, ""z"": -2, ""lc"": 0, ""sc"": 13}, ""cneh"": 55831.2422222, ""cnkb"": 316119, ""uacl"": 4178867978239, ""pflds"": {""1"": {""n"": ""model"", ""v"": ""Hyundai Universe"", ""ct"": 1738304152, ""id"": 1, ""mt"": 1751608922}, ""2"": {""n"": ""registration_plate"", ""v"": ""253 NG12"", ""ct"": 1738304152, ""id"": 2, ""mt"": 1752211249}, ""4"": {""n"": ""color"", ""v"": ""Galileosky 7x"", ""ct"": 1738304152, ""id"": 4, ""mt"": 1738304152}}, ""cnm_km"": 604723, ""pfldsmax"": 0}"
26455415,BPA_Hyundai Universe 610 ÐÐ12,2,0,1771302072,49.503671,60.08195,610 ÐÐ12,"{""id"": 26455415, ""mu"": 0, ""nm"": ""BPA_Hyundai Universe 610 ÐÐ12"", ""cfl"": 1808, ""cls"": 2, ""cnm"": 669417, ""pos"": {""c"": 266, ""f"": 7, ""s"": 0, ""t"": 1771302072, ""x"": 60.08195, ""y"": 49.503671, ""z"": 148, ""lc"": 0, ""sc"": 15}, ""cneh"": 1053082.68778, ""cnkb"": 367838, ""uacl"": 4178867978239, ""pflds"": {""1"": {""n"": ""registration_plate"", ""v"": ""610 ÐÐ12"", ""ct"": 1738303662, ""id"": 1, ""mt"": 1752211264}, ""2"": {""n"": ""model"", ""v"": ""Hyundai Universe"", ""ct"": 1738303662, ""id"": 2, ""mt"": 1751608940}, ""4"": {""n"": ""color"", ""v"": ""Galileosky 7x"", ""ct"": 1738303662, ""id"": 4, ""mt"": 1738303662}}, ""cnm_km"": 669417, ""pfldsmax"": 0}"
29833293,ÐÐ¢Ð_943 HN|12 Yutong Ð°Ð²ÑÐ¾Ð±ÑÑ,2,0,1771300341,49.652713,59.1823,,"{""id"": 29833293, ""mu"": 0, ""nm"": ""ÐÐ¢Ð_943 HN|12 Yutong Ð°Ð²ÑÐ¾Ð±ÑÑ"", ""cfl"": 1811, ""cls"": 2, ""cnm"": 2842, ""pos"": {""c"": 230, ""f"": 7, ""s"": 9, ""t"": 1771300341, ""x"": 59.1823, ""y"": 49.652713, ""z"": -1, ""lc"": 0, ""sc"": 15}, ""cneh"": 155.173611111, ""cnkb"": 11164, ""uacl"": 4178867978239, ""pflds"": {}, ""cnm_km"": 2842, ""pfldsmax"": 0}"
26455447,BPA_Hyundai Universe 612 ÐÐ 12,2,0,1771302016,49.653255,59.183068,612 ÐÐ 12,"{""id"": 26455447, ""mu"": 0, ""nm"": ""BPA_Hyundai Universe 612 ÐÐ 12"", ""cfl"": 1808, ""cls"": 2, ""cnm"": 657556, ""pos"": {""c"": 115, ""f"": 7, ""s"": 0, ""t"": 1771302016, ""x"": 59.183068, ""y"": 49.653255, ""z"": -9, ""lc"": 0, ""sc"": 15}, ""cneh"": 14943.3008333, ""cnkb"": 521528, ""uacl"": 4178867978239, ""pflds"": {""1"": {""n"": ""model"", ""v"": ""Hyundai Universe"", ""ct"": 1738304172, ""id"": 1, ""mt"": 1751608952}, ""2"": {""n"": ""registration_plate"", ""v"": ""612 ÐÐ 12"", ""ct"": 1738304172, ""id"": 2, ""mt"": 1752211280}, ""4"": {""n"": ""color"", ""v"": ""Galileosky 7x"", ""ct"": 1738304172, ""id"": 4, ""mt"": 1738304172}}, ""cnm_km"": 657556, ""pfldsmax"": 0}"
26455455,BPA_Hyundai Universe 240CW12,2,0,1758520449,49.65274,59.181065,240CW12,"{""id"": 26455455, ""mu"": 0, ""nm"": ""BPA_Hyundai Universe 240CW12"", ""cfl"": 1808, ""cls"": 2, ""cnm"": 612134, ""pos"": {""c"": 56, ""f"": 7, ""s"": 0, ""t"": 1758520449, ""x"": 59.181065, ""y"": 49.65274, ""z"": -7, ""lc"": 0, ""sc"": 15}, ""cneh"": 18258.0530556, ""cnkb"": 456243, ""uacl"": 4178867978239, ""pflds"": {""1"": {""n"": ""registration_plate"", ""v"": ""240CW12"", ""ct"": 1675236983, ""id"": 1, ""mt"": 1752211306}, ""2"": {""n"": ""model"", ""v"": ""Hyundai Universe"", ""ct"": 1738304191, ""id"": 2, ""mt"": 1751608963}, ""4"": {""n"": ""color"", ""v"": ""Galileosky 7x"", ""ct"": 1738304191, ""id"": 4, ""mt"": 1738304191}}, ""cnm_km"": 612134, ""pfldsmax"": 0}"
26455468,BPA_Hyundai Universe 357XI12,2,0,1771179568,49.652743,59.18164,357XI12,"{""id"": 26455468, ""mu"": 0, ""nm"": ""BPA_Hyundai Universe 357XI12"", ""cfl"": 1808, ""cls"": 2, ""cnm"": 631385, ""pos"": {""c"": 311, ""f"": 7, ""s"": 0, ""t"": 1771179568, ""x"": 59.18164, ""y"": 49.652743, ""z"": -31, ""lc"": 0, ""sc"": 10}, ""cneh"": 9262.32694444, ""cnkb"": 309019, ""uacl"": 4178867978239, ""pflds"": {""1"": {""n"": ""registration_plate"", ""v"": ""357XI12"", ""ct"": 1738303478, ""id"": 1, ""mt"": 1752211330}, ""3"": {""n"": ""model"", ""v"": ""Hyundai Universe"", ""ct"": 1738303478, ""id"": 3, ""mt"": 1751608974}, ""4"": {""n"": ""color"", ""v"": ""Galileosky 7x"", ""ct"": 1738303478, ""id"": 4, ""mt"": 1738303478}}, ""cnm_km"": 631385, ""pfldsmax"": 0}"
26455479,BPA_Hyundai Universe 617 ÐÐ12,2,0,1771302071,49.747358,59.127388,617 ÐÐ12,"{""id"": 26455479, ""mu"": 0, ""nm"": ""BPA_Hyundai Universe 617 ÐÐ12"", ""cfl"": 1808, ""cls"": 2, ""cnm"": 1015879, ""pos"": {""c"": 283, ""f"": 7, ""s"": 54, ""t"": 1771302071, ""x"": 59.127388, ""y"": 49.747358, ""z"": 3, ""lc"": 0, ""sc"": 15}, ""cneh"": 35611.5261111, ""cnkb"": 333603, ""uacl"": 4178867978239, ""pflds"": {""1"": {""n"": ""model"", ""v"": ""Hyundai Universe"", ""ct"": 1738304212, ""id"": 1, ""mt"": 1751608984}, ""2"": {""n"": ""registration_plate"", ""v"": ""617 ÐÐ12"", ""ct"": 1738304212, ""id"": 2, ""mt"": 1752211377}, ""4"": {""n"": ""color"", ""v"": ""Galileosky 7x"", ""ct"": 1738304212, ""id"": 4, ""mt"": 1738304212}}, ""cnm_km"": 1015879, ""pfldsmax"": 0}"
26455498,BPA_Hyundai Universe 765SW12,2,0,1771302072,49.654085,59.182898,765SW12,"{""id"": 26455498, ""mu"": 0, ""nm"": ""BPA_Hyundai Universe 765SW12"", ""cfl"": 1808, ""cls"": 2, ""cnm"": 627978, ""pos"": {""c"": 44, ""f"": 7, ""s"": 0, ""t"": 1771302072, ""x"": 59.182898, ""y"": 49.654085, ""z"": -6, ""lc"": 0, ""sc"": 15}, ""cneh"": 12966.0847222, ""cnkb"": 529164, ""uacl"": 4178867978239, ""pflds"": {""1"": {""n"": ""registration_plate"", ""v"": ""765SW12"", ""ct"": 1675237192, ""id"": 1, ""mt"": 1752211396}, ""2"": {""n"": ""model"", ""v"": ""Hyundai Universe"", ""ct"": 1738304236, ""id"": 2, ""mt"": 1751608995}, ""4"": {""n"": ""color"", ""v"": ""Galileosky 7x"", ""ct"": 1738304236, ""id"": 4, ""mt"": 1738304236}}, ""cnm_km"": 627978, ""pfldsmax"": 0}"
26455505,BPA_Hyundai Universe 250KB12,2,0,1771202766,49.653246,59.182721,250KB12,"{""id"": 26455505, ""mu"": 0, ""nm"": ""BPA_Hyundai Universe 250KB12"", ""cfl"": 1808, ""cls"": 2, ""cnm"": 674768, ""pos"": {""c"": 297, ""f"": 7, ""s"": 0, ""t"": 1771202766, ""x"": 59.182721, ""y"": 49.653246, ""z"": -9, ""lc"": 0, ""sc"": 9}, ""cneh"": 14297.425, ""cnkb"": 487294, ""uacl"": 4178867978239, ""pflds"": {""1"": {""n"": ""registration_plate"", ""v"": ""250KB12"", ""ct"": 1738303683, ""id"": 1, ""mt"": 1752211428}, ""2"": {""n"": ""model"", ""v"": ""Hyundai Universe"", ""ct"": 1738303683, ""id"": 2, ""mt"": 1751609007}, ""4"": {""n"": ""color"", ""v"": ""Galileosky 7x"", ""ct"": 1738303683, ""id"": 4, ""mt"": 1738303683}}, ""cnm_km"": 674768, ""pfldsmax"": 0}"
26455545,BPA_Hyundai Universe 621 ÐÐ12,2,0,1771302029,49.652283,59.181631,621 ÐÐ12,"{""id"": 26455545, ""mu"": 0, ""nm"": ""BPA_Hyundai Universe 621 ÐÐ12"", ""cfl"": 1808, ""cls"": 2, ""cnm"": 683993, ""pos"": {""c"": 0, ""f"": 7, ""s"": 0, ""t"": 1771302029, ""x"": 59.181631, ""y"": 49.652283, ""z"": -9, ""lc"": 0, ""sc"": 15}, ""cneh"": 65411.2480556, ""cnkb"": 364083, ""uacl"": 4178867978239, ""pflds"": {""1"": {""n"": ""model"", ""v"": ""Hyundai Universe"", ""ct"": 1738304259, ""id"": 1, ""mt"": 1751609017}, ""2"": {""n"": ""registration_plate"", ""v"": ""621 ÐÐ12"", ""ct"": 1738304259, ""id"": 2, ""mt"": 1752211444}, ""4"": {""n"": ""color"", ""v"": ""Galileosky 7x"", ""ct"": 1738304259, ""id"": 4, ""mt"": 1738304259}}, ""cnm_km"": 683993, ""pfldsmax"": 0}"
26455627,BPA_Hyundai Universe 622 ÐÐ12,2,0,1771302004,49.534353,60.433533,622 ÐÐ12,"{""id"": 26455627, ""mu"": 0, ""nm"": ""BPA_Hyundai Universe 622 ÐÐ12"", ""cfl"": 1811, ""cls"": 2, ""cnm"": 657913, ""pos"": {""c"": 317, ""f"": 7, ""s"": 0, ""t"": 1771302004, ""x"": 60.433533, ""y"": 49.534353, ""z"": 171, ""lc"": 0, ""sc"": 15}, ""cneh"": 15413.8858333, ""cnkb"": 494386, ""uacl"": 4178867978239, ""pflds"": {""1"": {""n"": ""registration_plate"", ""v"": ""622 ÐÐ12"", ""ct"": 1675237735, ""id"": 1, ""mt"": 1752211475}, ""2"": {""n"": ""model"", ""v"": ""Hyundai Universe"", ""ct"": 1738304277, ""id"": 2, ""mt"": 1751609028}, ""4"": {""n"": ""color"", ""v"": ""Galileosky 7x"", ""ct"": 1738304277, ""id"": 4, ""mt"": 1738304277}}, ""cnm_km"": 657913, ""pfldsmax"": 0}"
26455635,BPA_Hyundai UniversE 228 ND 12,2,0,1771302073,50.148271,59.935493,653 UI 12,"{""id"": 26455635, ""mu"": 0, ""nm"": ""BPA_Hyundai UniversE 228 ND 12"", ""cfl"": 1811, ""cls"": 2, ""cnm"": 642400, ""pos"": {""c"": 321, ""f"": 5, ""s"": 53, ""t"": 1771302073, ""x"": 59.935493, ""y"": 50.148271, ""z"": 230, ""lc"": 0, ""sc"": 15}, ""cneh"": 15841.0180556, ""cnkb"": 477696, ""uacl"": 4178867978239, ""pflds"": {""1"": {""n"": ""registration_plate"", ""v"": ""653 UI 12"", ""ct"": 1738303181, ""id"": 1, ""mt"": 1752211493}, ""3"": {""n"": ""model"", ""v"": ""Hyundai Universe"", ""ct"": 1738303181, ""id"": 3, ""mt"": 1751609041}, ""4"": {""n"": ""color"", ""v"": ""Galileosky 5.0"", ""ct"": 1738303181, ""id"": 4, ""mt"": 1738303181}}, ""cnm_km"": 642400, ""pfldsmax"": 0}"
26455640,BPA_Hyundai UniversE 069YP 12,2,0,1771302065,49.761413,59.099448,109KD 12,"{""id"": 26455640, ""mu"": 0, ""nm"": ""BPA_Hyundai UniversE 069YP 12"", ""cfl"": 1811, ""cls"": 2, ""cnm"": 662935, ""pos"": {""c"": 309, ""f"": 5, ""s"": 57, ""t"": 1771302065, ""x"": 59.099448, ""y"": 49.761413, ""z"": 6, ""lc"": 0, ""sc"": 15}, ""cneh"": 14426.785, ""cnkb"": 478709, ""uacl"": 4178867978239, ""pflds"": {""1"": {""n"": ""registration_plate"", ""v"": ""109KD 12"", ""ct"": 1738303205, ""id"": 1, ""mt"": 1752211514}, ""3"": {""n"": ""model"", ""v"": ""Hyundai Universe"", ""ct"": 1738303205, ""id"": 3, ""mt"": 1751609052}, ""4"": {""n"": ""color"", ""v"": ""Galileosky 5.0"", ""ct"": 1738303205, ""id"": 4, ""mt"": 1738303205}}, ""cnm_km"": 662935, ""pfldsmax"": 0}"
26455650,BPA_Hyundai Universe 911 HO12,2,0,1771302065,49.676696,59.13788,911 HO12,"{""id"": 26455650, ""mu"": 0, ""nm"": ""BPA_Hyundai Universe 911 HO12"", ""cfl"": 1808, ""cls"": 2, ""cnm"": 926452, ""pos"": {""c"": 102, ""f"": 7, ""s"": 37, ""t"": 1771302065, ""x"": 59.13788, ""y"": 49.676696, ""z"": 26, ""lc"": 0, ""sc"": 12}, ""cneh"": 169226.267778, ""cnkb"": 471381, ""uacl"": 4178867978239, ""pflds"": {""1"": {""n"": ""model"", ""v"": ""Hyundai Universe"", ""ct"": 1738304073, ""id"": 1, ""mt"": 1751609062}, ""2"": {""n"": ""registration_plate"", ""v"": ""911 HO12"", ""ct"": 1738304073, ""id"": 2, ""mt"": 1752211535}, ""4"": {""n"": ""color"", ""v"": ""Galileosky 7x"", ""ct"": 1738304073, ""id"": 4, ""mt"": 1738304073}}, ""cnm_km"": 926452, ""pfldsmax"": 0}"
26455655,BPA_Hyundai Universe 627ÐÐ12,2,0,1771302061,49.652758,59.182965,627ÐÐ12,"{""id"": 26455655, ""mu"": 0, ""nm"": ""BPA_Hyundai Universe 627ÐÐ12"", ""cfl"": 1808, ""cls"": 2, ""cnm"": 1392468, ""pos"": {""c"": 327, ""f"": 7, ""s"": 0, ""t"": 1771302061, ""x"": 59.182965, ""y"": 49.652758, ""z"": -11, ""lc"": 0, ""sc"": 15}, ""cneh"": 8537.92472222, ""cnkb"": 280357, ""uacl"": 4178867978239, ""pflds"": {""1"": {""n"": ""registration_plate"", ""v"": ""627ÐÐ12"", ""ct"": 1738303798, ""id"": 1, ""mt"": 1752211565}, ""2"": {""n"": ""model"", ""v"": ""Hyundai Universe"", ""ct"": 1738303798, ""id"": 2, ""mt"": 1751609074}, ""4"": {""n"": ""color"", ""v"": ""Galileosky 7x"", ""ct"": 1738303798, ""id"": 4, ""mt"": 1738303798}}, ""cnm_km"": 1392468, ""pfldsmax"": 0}"
26456159,BPA_Hyundai Universe 492 DH12,2,0,1771302046,49.6533,59.182775,492 DH12,"{""id"": 26456159, ""mu"": 0, ""nm"": ""BPA_Hyundai Universe 492 DH12"", ""cfl"": 1811, ""cls"": 2, ""cnm"": 683308, ""pos"": {""c"": 254, ""f"": 5, ""s"": 0, ""t"": 1771302046, ""x"": 59.182775, ""y"": 49.6533, ""z"": 4, ""lc"": 0, ""sc"": 15}, ""cneh"": 14526.0922222, ""cnkb"": 528944, ""uacl"": 4178867978239, ""pflds"": {""2"": {""n"": ""model"", ""v"": ""Hyundai Universe"", ""ct"": 1738304099, ""id"": 2, ""mt"": 1751609084}, ""3"": {""n"": ""registration_plate"", ""v"": ""492 DH12"", ""ct"": 1738304099, ""id"": 3, ""mt"": 1752211583}, ""4"": {""n"": ""color"", ""v"": ""Galileosky 7x"", ""ct"": 1738304099, ""id"": 4, ""mt"": 1738304099}}, ""cnm_km"": 683308, ""pfldsmax"": 0}"
26456164,BPA_Hyundai Universe 689 ÐÐ12,2,0,1771302067,49.503776,60.081901,689 ÐÐ12,"{""id"": 26456164, ""mu"": 0, ""nm"": ""BPA_Hyundai Universe 689 ÐÐ12"", ""cfl"": 1808, ""cls"": 2, ""cnm"": 637967, ""pos"": {""c"": 260, ""f"": 7, ""s"": 0, ""t"": 1771302067, ""x"": 60.081901, ""y"": 49.503776, ""z"": 156, ""lc"": 0, ""sc"": 15}, ""cneh"": 15413.6552778, ""cnkb"": 532148, ""uacl"": 4178867978239, ""pflds"": {""1"": {""n"": ""registration_plate"", ""v"": ""689 ÐÐ12"", ""ct"": 1738303506, ""id"": 1, ""mt"": 1752211596}, ""2"": {""n"": ""model"", ""v"": ""Hyundai Universe"", ""ct"": 1738303506, ""id"": 2, ""mt"": 1751609095}, ""4"": {""n"": ""color"", ""v"": ""Galileosky 7x"", ""ct"": 1738303506, ""id"": 4, ""mt"": 1738303506}}, ""cnm_km"": 637967, ""pfldsmax"": 0}"
26456168,BPA_Hyundai Universe 186 GO12,2,0,1771300263,49.65759,59.187336,186 GO12,"{""id"": 26456168, ""mu"": 0, ""nm"": ""BPA_Hyundai Universe 186 GO12"", ""cfl"": 1808, ""cls"": 2, ""cnm"": 606876, ""pos"": {""c"": 127, ""f"": 7, ""s"": 0, ""t"": 1771300263, ""x"": 59.187336, ""y"": 49.65759, ""z"": -46, ""lc"": 0, ""sc"": 7}, ""cneh"": 12032.0727778, ""cnkb"": 486612, ""uacl"": 4178867978239, ""pflds"": {""1"": {""n"": ""model"", ""v"": ""Hyundai Universe"", ""ct"": 1738304301, ""id"": 1, ""mt"": 1751609105}, ""2"": {""n"": ""registration_plate"", ""v"": ""186 GO12"", ""ct"": 1738304301, ""id"": 2, ""mt"": 1752211231}, ""4"": {""n"": ""color"", ""v"": ""Galileosky 7x"", ""ct"": 1738304301, ""id"": 4, ""mt"": 1738304301}}, ""cnm_km"": 606876, ""pfldsmax"": 0}"
26456190,BPA_Hyundai Universe 693 ÐÐ12,2,0,1771300979,49.65257,59.181326,693 ÐÐ12,"{""id"": 26456190, ""mu"": 0, ""nm"": ""BPA_Hyundai Universe 693 ÐÐ12"", ""cfl"": 1808, ""cls"": 2, ""cnm"": 649592, ""pos"": {""c"": 17, ""f"": 7, ""s"": 0, ""t"": 1771300979, ""x"": 59.181326, ""y"": 49.65257, ""z"": 0, ""lc"": 0, ""sc"": 15}, ""cneh"": 17531.6877778, ""cnkb"": 507402, ""uacl"": 4178867978239, ""pflds"": {""1"": {""n"": ""model"", ""v"": ""Hyundai Universe"", ""ct"": 1738304330, ""id"": 1, ""mt"": 1751609116}, ""2"": {""n"": ""registration_plate"", ""v"": ""693 ÐÐ12"", ""ct"": 1738304330, ""id"": 2, ""mt"": 1752211710}, ""4"": {""n"": ""color"", ""v"": ""Galileosky 7x"", ""ct"": 1738304330, ""id"": 4, ""mt"": 1738304330}}, ""cnm_km"": 649592, ""pfldsmax"": 0}"
26456213,BPA_Hyundai Universe 012OB12,2,0,1771302070,50.147658,59.938113,012OB12,"{""id"": 26456213, ""mu"": 0, ""nm"": ""BPA_Hyundai Universe 012OB12"", ""cfl"": 1808, ""cls"": 2, ""cnm"": 679169, ""pos"": {""c"": 272, ""f"": 7, ""s"": 15, ""t"": 1771302070, ""x"": 59.938113, ""y"": 50.147658, ""z"": 232, ""lc"": 0, ""sc"": 15}, ""cneh"": 16180.4766667, ""cnkb"": 419361, ""uacl"": 4178867978239, ""pflds"": {""1"": {""n"": ""registration_plate"", ""v"": ""012OB12"", ""ct"": 1738303855, ""id"": 1, ""mt"": 1752211829}, ""2"": {""n"": ""model"", ""v"": ""Hyundai Universe"", ""ct"": 1738303855, ""id"": 2, ""mt"": 1751609141}, ""4"": {""n"": ""color"", ""v"": ""Galileosky 7x"", ""ct"": 1738303855, ""id"": 4, ""mt"": 1738303855}}, ""cnm_km"": 679169, ""pfldsmax"": 0}"
26456220,BPA_Hyundai Universe 845GB12,2,0,1771301151,49.652316,59.182053,845GB12,"{""id"": 26456220, ""mu"": 0, ""nm"": ""BPA_Hyundai Universe 845GB12"", ""cfl"": 1808, ""cls"": 2, ""cnm"": 578476, ""pos"": {""c"": 243, ""f"": 5, ""s"": 0, ""t"": 1771301151, ""x"": 59.182053, ""y"": 49.652316, ""z"": -8, ""lc"": 0, ""sc"": 15}, ""cneh"": 8273.66472222, ""cnkb"": 399213, ""uacl"": 4178867978239, ""pflds"": {""1"": {""n"": ""model"", ""v"": ""Hyundai Universe"", ""ct"": 1738303980, ""id"": 1, ""mt"": 1751609161}, ""2"": {""n"": ""registration_plate"", ""v"": ""845GB12"", ""ct"": 1738303980, ""id"": 2, ""mt"": 1752211845}, ""4"": {""n"": ""color"", ""v"": ""Galileosky 5.0"", ""ct"": 1738303980, ""id"": 4, ""mt"": 1738303980}}, ""cnm_km"": 578476, ""pfldsmax"": 0}"
26464985,BPA_Hyundai Universe 316GM12,2,0,1771254530,49.65351,59.182443,316GM12,"{""id"": 26464985, ""mu"": 0, ""nm"": ""BPA_Hyundai Universe 316GM12"", ""cfl"": 1811, ""cls"": 2, ""cnm"": 229132, ""pos"": {""c"": 231, ""f"": 7, ""s"": 0, ""t"": 1771254530, ""x"": 59.182443, ""y"": 49.65351, ""z"": -23, ""lc"": 0, ""sc"": 12}, ""cneh"": 5397.07333333, ""cnkb"": 181209, ""uacl"": 4178867978239, ""pflds"": {""1"": {""n"": ""model"", ""v"": ""Hyundai Universe"", ""ct"": 1714971668, ""id"": 1, ""mt"": 1751609173}, ""2"": {""n"": ""registration_plate"", ""v"": ""316GM12"", ""ct"": 1738304485, ""id"": 2, ""mt"": 1752212061}, ""4"": {""n"": ""color"", ""v"": ""Galileosky 7x"", ""ct"": 1738304485, ""id"": 4, ""mt"": 1738304485}}, ""cnm_km"": 229132, ""pfldsmax"": 0}"
26553556,BPA_Hyundai Universe 839HR12,2,0,1771302015,49.653106,59.182588,839HR12,"{""id"": 26553556, ""mu"": 0, ""nm"": ""BPA_Hyundai Universe 839HR12"", ""cfl"": 1811, ""cls"": 2, ""cnm"": 258715, ""pos"": {""c"": 0, ""f"": 7, ""s"": 0, ""t"": 1771302015, ""x"": 59.182588, ""y"": 49.653106, ""z"": 17, ""lc"": 0, ""sc"": 9}, ""cneh"": 6745.88361111, ""cnkb"": 220697, ""uacl"": 4178867978239, ""pflds"": {""1"": {""n"": ""registration_plate"", ""v"": ""839HR12"", ""ct"": 1738303583, ""id"": 1, ""mt"": 1752212078}, ""2"": {""n"": ""model"", ""v"": ""Hyundai Universe"", ""ct"": 1738303583, ""id"": 2, ""mt"": 1751609189}, ""4"": {""n"": ""color"", ""v"": ""Galileosky 7x"", ""ct"": 1738303583, ""id"": 4, ""mt"": 1738303583}}, ""cnm_km"": 258715, ""pfldsmax"": 0}"
26465169,BPA_Hyundai Universe 073WO12,2,0,1770662313,49.653296,59.182418,073WO12,"{""id"": 26465169, ""mu"": 0, ""nm"": ""BPA_Hyundai Universe 073WO12"", ""cfl"": 1808, ""cls"": 2, ""cnm"": 201191, ""pos"": {""c"": 0, ""f"": 7, ""s"": 0, ""t"": 1770662313, ""x"": 59.182418, ""y"": 49.653296, ""z"": -15, ""lc"": 0, ""sc"": 9}, ""cneh"": 3885.37555556, ""cnkb"": 126200, ""uacl"": 4178867978239, ""pflds"": {""1"": {""n"": ""registration_plate"", ""v"": ""073WO12"", ""ct"": 1675339987, ""id"": 1, ""mt"": 1752212091}, ""2"": {""n"": ""model"", ""v"": ""Hyundai Universe"", ""ct"": 1738304509, ""id"": 2, ""mt"": 1751609199}, ""4"": {""n"": ""color"", ""v"": ""Galileosky 7x"", ""ct"": 1738304509, ""id"": 4, ""mt"": 1738304509}}, ""cnm_km"": 201191, ""pfldsmax"": 0}"
26456243,BPA_Hyundai Universe 787 ÐÐ¢12,2,0,1771302016,49.653176,59.18253,787 ÐÐ¢12,"{""id"": 26456243, ""mu"": 0, ""nm"": ""BPA_Hyundai Universe 787 ÐÐ¢12"", ""cfl"": 1808, ""cls"": 2, ""cnm"": 691488, ""pos"": {""c"": 137, ""f"": 7, ""s"": 0, ""t"": 1771302016, ""x"": 59.18253, ""y"": 49.653176, ""z"": 0, ""lc"": 0, ""sc"": 15}, ""cneh"": 180985.408056, ""cnkb"": 364559, ""uacl"": 4178867978239, ""pflds"": {""1"": {""n"": ""registration_plate"", ""v"": ""787 ÐÐ¢12"", ""ct"": 1738303706, ""id"": 1, ""mt"": 1752211731}, ""2"": {""n"": ""model"", ""v"": ""Hyundai Universe"", ""ct"": 1738303706, ""id"": 2, ""mt"": 1751609208}, ""4"": {""n"": ""color"", ""v"": ""Galileosky 7x"", ""ct"": 1738303706, ""id"": 4, ""mt"": 1738303706}}, ""cnm_km"": 691488, ""pfldsmax"": 0}"
26793946,BPA_Hyundai Universe 951FG12,2,0,1771301238,49.50355,60.08191,951FG12,"{""id"": 26793946, ""mu"": 0, ""nm"": ""BPA_Hyundai Universe 951FG12"", ""cfl"": 1811, ""cls"": 2, ""cnm"": 227568, ""pos"": {""c"": 194, ""f"": 7, ""s"": 0, ""t"": 1771301238, ""x"": 60.08191, ""y"": 49.50355, ""z"": 148, ""lc"": 0, ""sc"": 15}, ""cneh"": 4604.28138889, ""cnkb"": 167433, ""uacl"": 4178867978239, ""pflds"": {""1"": {""n"": ""model"", ""v"": ""Hyundai Universe"", ""ct"": 1738304026, ""id"": 1, ""mt"": 1751609219}, ""2"": {""n"": ""registration_plate"", ""v"": ""951FG12"", ""ct"": 1738304026, ""id"": 2, ""mt"": 1752212107}, ""4"": {""n"": ""color"", ""v"": ""Galileosky 7x"", ""ct"": 1738304026, ""id"": 4, ""mt"": 1738304026}}, ""cnm_km"": 227568, ""pfldsmax"": 0}"
26456249,BPA_Hyundai Universe 874 ÐÐ12,2,0,1771243610,49.653205,59.18138,874 ÐÐ12,"{""id"": 26456249, ""mu"": 0, ""nm"": ""BPA_Hyundai Universe 874 ÐÐ12"", ""cfl"": 1808, ""cls"": 2, ""cnm"": 661695, ""pos"": {""c"": 0, ""f"": 7, ""s"": 0, ""t"": 1771243610, ""x"": 59.18138, ""y"": 49.653205, ""z"": 77, ""lc"": 0, ""sc"": 15}, ""cneh"": 19643.6011111, ""cnkb"": 431573, ""uacl"": 4178867978239, ""pflds"": {""1"": {""n"": ""model"", ""v"": ""Hyundai Universe"", ""ct"": 1738304375, ""id"": 1, ""mt"": 1751609286}, ""2"": {""n"": ""registration_plate"", ""v"": ""874 ÐÐ12"", ""ct"": 1738304375, ""id"": 2, ""mt"": 1752211774}, ""4"": {""n"": ""color"", ""v"": ""Galileosky 7x"", ""ct"": 1738304375, ""id"": 4, ""mt"": 1738304375}}, ""cnm_km"": 661695, ""pfldsmax"": 0}"
26456252,BPA_Hyundai Universe 658NQ12,2,0,1771302033,49.503783,60.08184,658NQ12,"{""id"": 26456252, ""mu"": 0, ""nm"": ""BPA_Hyundai Universe 658NQ12"", ""cfl"": 1808, ""cls"": 2, ""cnm"": 323996, ""pos"": {""c"": 0, ""f"": 7, ""s"": 0, ""t"": 1771302033, ""x"": 60.08184, ""y"": 49.503783, ""z"": 153, ""lc"": 0, ""sc"": 15}, ""cneh"": 6144.49638889, ""cnkb"": 312540, ""uacl"": 4178867978239, ""pflds"": {""1"": {""n"": ""model"", ""v"": ""Hyundai Universe"", ""ct"": 1738304002, ""id"": 1, ""mt"": 1751609301}, ""2"": {""n"": ""registration_plate"", ""v"": ""658NQ12"", ""ct"": 1738304002, ""id"": 2, ""mt"": 1752211937}, ""4"": {""n"": ""color"", ""v"": ""Galileosky 7x"", ""ct"": 1738304002, ""id"": 4, ""mt"": 1738304002}}, ""cnm_km"": 323996, ""pfldsmax"": 0}"
26456253,BPA_Hyundai Universe 463YE12,2,0,1771302030,49.653243,59.182008,463YE12,"{""id"": 26456253, ""mu"": 0, ""nm"": ""BPA_Hyundai Universe 463YE12"", ""cfl"": 1808, ""cls"": 2, ""cnm"": 342247, ""pos"": {""c"": 0, ""f"": 7, ""s"": 0, ""t"": 1771302030, ""x"": 59.182008, ""y"": 49.653243, ""z"": -14, ""lc"": 0, ""sc"": 12}, ""cneh"": 6503.01361111, ""cnkb"": 240714, ""uacl"": 4178867978239, ""pflds"": {""1"": {""n"": ""registration_plate"", ""v"": ""463YE12"", ""ct"": 1738303889, ""id"": 1, ""mt"": 1752211953}, ""2"": {""n"": ""model"", ""v"": ""Hyundai Universe"", ""ct"": 1738303889, ""id"": 2, ""mt"": 1751609312}, ""4"": {""n"": ""color"", ""v"": ""Galileosky 7x"", ""ct"": 1738303889, ""id"": 4, ""mt"": 1738303889}}, ""cnm_km"": 342247, ""pfldsmax"": 0}"
26456255,BPA_Hyundai Universe 497UG12,2,0,1771302074,49.748518,59.124893,497UG12,"{""id"": 26456255, ""mu"": 0, ""nm"": ""BPA_Hyundai Universe 497UG12"", ""cfl"": 1808, ""cls"": 2, ""cnm"": 1594065, ""pos"": {""c"": 304, ""f"": 7, ""s"": 69, ""t"": 1771302074, ""x"": 59.124893, ""y"": 49.748518, ""z"": 2, ""lc"": 0, ""sc"": 15}, ""cneh"": 27079.1338889, ""cnkb"": 376274, ""uacl"": 4178867978239, ""pflds"": {""1"": {""n"": ""model"", ""v"": ""Hyundai Universe"", ""ct"": 1738304051, ""id"": 1, ""mt"": 1751609322}, ""2"": {""n"": ""registration_plate"", ""v"": ""497UG12"", ""ct"": 1738304051, ""id"": 2, ""mt"": 1752211967}, ""4"": {""n"": ""color"", ""v"": ""Galileosky 7x"", ""ct"": 1738304051, ""id"": 4, ""mt"": 1738304051}}, ""cnm_km"": 1594065, ""pfldsmax"": 0}"
26456258,BPA_Hyundai Universe 924GA12,2,0,1771302055,49.671881,59.210045,924GA12,"{""id"": 26456258, ""mu"": 0, ""nm"": ""BPA_Hyundai Universe 924GA12"", ""cfl"": 1808, ""cls"": 2, ""cnm"": 299563, ""pos"": {""c"": 269, ""f"": 5, ""s"": 49, ""t"": 1771302055, ""x"": 59.210045, ""y"": 49.671881, ""z"": 1, ""lc"": 0, ""sc"": 12}, ""cneh"": 5481.03583333, ""cnkb"": 205465, ""uacl"": 4178867978239, ""pflds"": {""1"": {""n"": ""registration_plate"", ""v"": ""924GA12"", ""ct"": 1738303636, ""id"": 1, ""mt"": 1752211982}, ""2"": {""n"": ""model"", ""v"": ""Hyundai Universe"", ""ct"": 1738303636, ""id"": 2, ""mt"": 1751609334}, ""4"": {""n"": ""color"", ""v"": ""Galileosky 7x"", ""ct"": 1738303636, ""id"": 4, ""mt"": 1738303636}}, ""cnm_km"": 299563, ""pfldsmax"": 0}"
26456260,BPA_Hyundai Universe 175CQ12,2,0,1771302068,49.732785,59.149348,175CQ12,"{""id"": 26456260, ""mu"": 0, ""nm"": ""BPA_Hyundai Universe 175CQ12"", ""cfl"": 1808, ""cls"": 2, ""cnm"": 1588403, ""pos"": {""c"": 324, ""f"": 5, ""s"": 83, ""t"": 1771302068, ""x"": 59.149348, ""y"": 49.732785, ""z"": 3, ""lc"": 0, ""sc"": 12}, ""cneh"": 26815.3394444, ""cnkb"": 371904, ""uacl"": 4178867978239, ""pflds"": {""1"": {""n"": ""model"", ""v"": ""Hyundai Universe"", ""ct"": 1738304459, ""id"": 1, ""mt"": 1751609351}, ""2"": {""n"": ""registration_plate"", ""v"": ""175CQ12"", ""ct"": 1738304459, ""id"": 2, ""mt"": 1752211997}, ""4"": {""n"": ""color"", ""v"": ""Galileosky 7x"", ""ct"": 1738304459, ""id"": 4, ""mt"": 1738304459}}, ""cnm_km"": 1588403, ""pfldsmax"": 0}"
26456263,BPA_Hyundai Universe 089KQ12,2,0,1771301979,49.652678,59.181611,089KQ12,"{""id"": 26456263, ""mu"": 0, ""nm"": ""BPA_Hyundai Universe 089KQ12"", ""cfl"": 1808, ""cls"": 2, ""cnm"": 328538, ""pos"": {""c"": 0, ""f"": 7, ""s"": 0, ""t"": 1771301979, ""x"": 59.181611, ""y"": 49.652678, ""z"": -8, ""lc"": 0, ""sc"": 12}, ""cneh"": 6322.595, ""cnkb"": 231839, ""uacl"": 4178867978239, ""pflds"": {""1"": {""n"": ""registration_plate"", ""v"": ""089KQ12"", ""ct"": 1738303753, ""id"": 1, ""mt"": 1752212011}, ""2"": {""n"": ""model"", ""v"": ""Hyundai Universe"", ""ct"": 1738303753, ""id"": 2, ""mt"": 1751609361}, ""4"": {""n"": ""color"", ""v"": ""Galileosky 7x"", ""ct"": 1738303753, ""id"": 4, ""mt"": 1738303753}}, ""cnm_km"": 328538, ""pfldsmax"": 0}"
26456269,BPA_Hyundai Universe 827AL12,2,0,1771302073,49.758385,59.104923,827AL12,"{""id"": 26456269, ""mu"": 0, ""nm"": ""BPA_Hyundai Universe 827AL12"", ""cfl"": 1808, ""cls"": 2, ""cnm"": 318410, ""pos"": {""c"": 306, ""f"": 7, ""s"": 69, ""t"": 1771302073, ""x"": 59.104923, ""y"": 49.758385, ""z"": 6, ""lc"": 0, ""sc"": 12}, ""cneh"": 4567.17333333, ""cnkb"": 201598, ""uacl"": 4178867978239, ""pflds"": {""1"": {""n"": ""model"", ""v"": ""Hyundai Universe"", ""ct"": 1738304440, ""id"": 1, ""mt"": 1751609374}, ""2"": {""n"": ""registration_plate"", ""v"": ""827AL12"", ""ct"": 1738304440, ""id"": 2, ""mt"": 1752212026}, ""4"": {""n"": ""color"", ""v"": ""Galileosky 7x"", ""ct"": 1738304440, ""id"": 4, ""mt"": 1738304440}}, ""cnm_km"": 318410, ""pfldsmax"": 0}"
26456271,BPA_Hyundai Universe 824AD12,2,0,1771302057,49.653848,59.183001,824AD12,"{""id"": 26456271, ""mu"": 0, ""nm"": ""BPA_Hyundai Universe 824AD12"", ""cfl"": 1808, ""cls"": 2, ""cnm"": 331333, ""pos"": {""c"": 57, ""f"": 7, ""s"": 0, ""t"": 1771302057, ""x"": 59.183001, ""y"": 49.653848, ""z"": -18, ""lc"": 0, ""sc"": 12}, ""cneh"": 6284.32638889, ""cnkb"": 231917, ""uacl"": 4178867978239, ""pflds"": {""1"": {""n"": ""model"", ""v"": ""Hyundai Universe"", ""ct"": 1738304415, ""id"": 1, ""mt"": 1751609382}, ""2"": {""n"": ""registration_plate"", ""v"": ""824AD12"", ""ct"": 1738304415, ""id"": 2, ""mt"": 1752212042}, ""4"": {""n"": ""color"", ""v"": ""Galileosky 7x"", ""ct"": 1738304415, ""id"": 4, ""mt"": 1738304415}}, ""cnm_km"": 331333, ""pfldsmax"": 0}"
29833249,ÐÐ¢Ð_297 UY|12 Yutong Ð°Ð²ÑÐ¾Ð±ÑÑ,2,0,1771301725,49.652738,59.182275,,"{""id"": 29833249, ""mu"": 0, ""nm"": ""ÐÐ¢Ð_297 UY|12 Yutong Ð°Ð²ÑÐ¾Ð±ÑÑ"", ""cfl"": 1811, ""cls"": 2, ""cnm"": 5110, ""pos"": {""c"": 227, ""f"": 7, ""s"": 7, ""t"": 1771301725, ""x"": 59.182275, ""y"": 49.652738, ""z"": -5, ""lc"": 0, ""sc"": 15}, ""cneh"": 223.692222222, ""cnkb"": 20618, ""uacl"": 4178867978239, ""pflds"": {}, ""cnm_km"": 5110, ""pfldsmax"": 0}"
26793502,BPA_Hyundai Universe 393TA12,2,0,1771302029,49.670518,59.263441,393TA12,"{""id"": 26793502, ""mu"": 0, ""nm"": ""BPA_Hyundai Universe 393TA12"", ""cfl"": 1811, ""cls"": 2, ""cnm"": 234544, ""pos"": {""c"": 270, ""f"": 7, ""s"": 57, ""t"": 1771302029, ""x"": 59.263441, ""y"": 49.670518, ""z"": 3, ""lc"": 0, ""sc"": 14}, ""cneh"": 4395.4375, ""cnkb"": 166262, ""uacl"": 4178867978239, ""pflds"": {""1"": {""n"": ""model"", ""v"": ""Hyundai Universe"", ""ct"": 1738304532, ""id"": 1, ""mt"": 1751609393}, ""2"": {""n"": ""registration_plate"", ""v"": ""393TA12"", ""ct"": 1738304532, ""id"": 2, ""mt"": 1752212125}, ""4"": {""n"": ""color"", ""v"": ""Galileosky 7x"", ""ct"": 1738304532, ""id"": 4, ""mt"": 1738304532}}, ""cnm_km"": 234544, ""pfldsmax"": 0}"
26793900,BPA_Hyundai Universe 548ZK12,2,0,1771301912,49.503688,60.081796,548ZK12,"{""id"": 26793900, ""mu"": 0, ""nm"": ""BPA_Hyundai Universe 548ZK12"", ""cfl"": 1811, ""cls"": 2, ""cnm"": 221451, ""pos"": {""c"": 160, ""f"": 7, ""s"": 0, ""t"": 1771301912, ""x"": 60.081796, ""y"": 49.503688, ""z"": 152, ""lc"": 0, ""sc"": 15}, ""cneh"": 5009.24805556, ""cnkb"": 146968, ""uacl"": 4178867978239, ""pflds"": {""1"": {""n"": ""registration_plate"", ""v"": ""548ZK12"", ""ct"": 1738303556, ""id"": 1, ""mt"": 1752212142}, ""2"": {""n"": ""model"", ""v"": ""Hyundai Universe"", ""ct"": 1738303556, ""id"": 2, ""mt"": 1751609402}, ""4"": {""n"": ""color"", ""v"": ""Galileosky 7x"", ""ct"": 1738303556, ""id"": 4, ""mt"": 1738303556}}, ""cnm_km"": 221451, ""pfldsmax"": 0}"
26793927,BPA_Hyundai Universe 558DQ12,2,0,1771241019,49.653398,59.182603,558DQ12,"{""id"": 26793927, ""mu"": 0, ""nm"": ""BPA_Hyundai Universe 558DQ12"", ""cfl"": 1811, ""cls"": 2, ""cnm"": 230951, ""pos"": {""c"": 237, ""f"": 7, ""s"": 0, ""t"": 1771241019, ""x"": 59.182603, ""y"": 49.653398, ""z"": -13, ""lc"": 0, ""sc"": 15}, ""cneh"": 5443.20583333, ""cnkb"": 178052, ""uacl"": 4178867978239, ""pflds"": {""1"": {""n"": ""registration_plate"", ""v"": ""558DQ12"", ""ct"": 1738303777, ""id"": 1, ""mt"": 1752212157}, ""2"": {""n"": ""model"", ""v"": ""Hyundai Universe"", ""ct"": 1738303777, ""id"": 2, ""mt"": 1751609413}, ""4"": {""n"": ""color"", ""v"": ""Galileosky 7x"", ""ct"": 1738303777, ""id"": 4, ""mt"": 1738303777}}, ""cnm_km"": 230951, ""pfldsmax"": 0}"
29568020,BPA_ShacmaN 880 RY|12 Ð¢ÐµÑÐ¿Ð¾Ð¼Ð¾ÑÑ,2,0,1771301087,49.652816,59.183086,,"{""id"": 29568020, ""mu"": 0, ""nm"": ""BPA_ShacmaN 880 RY|12 Ð¢ÐµÑÐ¿Ð¾Ð¼Ð¾ÑÑ"", ""cfl"": 1811, ""cls"": 2, ""cnm"": 5917, ""pos"": {""c"": 321, ""f"": 7, ""s"": 0, ""t"": 1771301087, ""x"": 59.183086, ""y"": 49.652816, ""z"": -18, ""lc"": 0, ""sc"": 15}, ""cneh"": 137.558611111, ""cnkb"": 11754, ""uacl"": 4178867978239, ""pflds"": {}, ""cnm_km"": 5917, ""pfldsmax"": 0}"
27538163,BPA_Toyota Coaster 879SA12,2,0,1771302075,49.686636,59.56156,879SA12,"{""id"": 27538163, ""mu"": 0, ""nm"": ""BPA_Toyota Coaster 879SA12"", ""cfl"": 1811, ""cls"": 2, ""cnm"": 120579, ""pos"": {""c"": 185, ""f"": 7, ""s"": 60, ""t"": 1771302075, ""x"": 59.56156, ""y"": 49.686636, ""z"": -94, ""lc"": 0, ""sc"": 15}, ""cneh"": 3291.49388889, ""cnkb"": 185971, ""uacl"": 4178867978239, ""pflds"": {""1"": {""n"": ""registration_plate"", ""v"": ""879SA12"", ""ct"": 1738300009, ""id"": 1, ""mt"": 1752213046}, ""3"": {""n"": ""model"", ""v"": ""Toyota Coaster"", ""ct"": 1738300009, ""id"": 3, ""mt"": 1751609990}, ""4"": {""n"": ""color"", ""v"": ""Galileosky 7x"", ""ct"": 1738300009, ""id"": 4, ""mt"": 1738300009}}, ""cnm_km"": 120579, ""pfldsmax"": 0}"
26893608,BPA_Toyota Coaster 230LH12,2,0,1771302026,49.653168,59.181596,230LH12,"{""id"": 26893608, ""mu"": 0, ""nm"": ""BPA_Toyota Coaster 230LH12"", ""cfl"": 1811, ""cls"": 2, ""cnm"": 147550, ""pos"": {""c"": 223, ""f"": 7, ""s"": 0, ""t"": 1771302026, ""x"": 59.181596, ""y"": 49.653168, ""z"": 17, ""lc"": 0, ""sc"": 13}, ""cneh"": 4687.39277778, ""cnkb"": 339037, ""uacl"": 4178867978239, ""pflds"": {""1"": {""n"": ""registration_plate"", ""v"": ""230LH12"", ""ct"": 1738300149, ""id"": 1, ""mt"": 1752213064}, ""3"": {""n"": ""model"", ""v"": ""Toyota Coaster"", ""ct"": 1738300149, ""id"": 3, ""mt"": 1751610017}, ""4"": {""n"": ""color"", ""v"": ""Galileosky 7x"", ""ct"": 1738300149, ""id"": 4, ""mt"": 1738300149}}, ""cnm_km"": 147550, ""pfldsmax"": 0}"
27970971,BPA_Toyota Coaster 782NF12,2,0,1771302070,49.650433,59.171215,782NF12,"{""id"": 27970971, ""mu"": 0, ""nm"": ""BPA_Toyota Coaster 782NF12"", ""cfl"": 1811, ""cls"": 2, ""cnm"": 111139, ""pos"": {""c"": 144, ""f"": 7, ""s"": 0, ""t"": 1771302070, ""x"": 59.171215, ""y"": 49.650433, ""z"": 0, ""lc"": 0, ""sc"": 15}, ""cneh"": 4103.72166667, ""cnkb"": 274994, ""uacl"": 4178867978239, ""pflds"": {""1"": {""n"": ""vin"", ""v"": ""JTGCECB82P6937042"", ""ct"": 1712031787, ""id"": 1, ""mt"": 1712031787}, ""2"": {""n"": ""registration_plate"", ""v"": ""782NF12"", ""ct"": 1713246832, ""id"": 2, ""mt"": 1752213078}, ""4"": {""n"": ""model"", ""v"": ""Toyota Coaster"", ""ct"": 1738299766, ""id"": 4, ""mt"": 1751610034}, ""5"": {""n"": ""color"", ""v"": ""Galileosky 7x"", ""ct"": 1738299766, ""id"": 5, ""mt"": 1738299766}}, ""cnm_km"": 111139, ""pfldsmax"": 0}"
26893573,BPA_Toyota Coaster 055YX12,2,0,1771302071,49.58328,59.707208,055YX12,"{""id"": 26893573, ""mu"": 0, ""nm"": ""BPA_Toyota Coaster 055YX12"", ""cfl"": 1811, ""cls"": 2, ""cnm"": 288980, ""pos"": {""c"": 297, ""f"": 7, ""s"": 95, ""t"": 1771302071, ""x"": 59.707208, ""y"": 49.58328, ""z"": -110, ""lc"": 0, ""sc"": 15}, ""cneh"": 7680.95805556, ""cnkb"": 397731, ""uacl"": 4178867978239, ""pflds"": {""1"": {""n"": ""registration_plate"", ""v"": ""055YX12"", ""ct"": 1713246850, ""id"": 1, ""mt"": 1752213093}, ""3"": {""n"": ""model"", ""v"": ""Toyota Coaster"", ""ct"": 1738300117, ""id"": 3, ""mt"": 1751610045}, ""4"": {""n"": ""color"", ""v"": ""Galileosky 7x"", ""ct"": 1738300117, ""id"": 4, ""mt"": 1738300117}}, ""cnm_km"": 288980, ""pfldsmax"": 0}"
29833204,ÐÐ¢Ð_175 ZR|12 Yutong Ð°Ð²ÑÐ¾Ð±ÑÑ,2,0,1771218210,49.653826,59.182625,,"{""id"": 29833204, ""mu"": 0, ""nm"": ""ÐÐ¢Ð_175 ZR|12 Yutong Ð°Ð²ÑÐ¾Ð±ÑÑ"", ""cfl"": 1811, ""cls"": 2, ""cnm"": 3635, ""pos"": {""c"": 0, ""f"": 7, ""s"": 0, ""t"": 1771218210, ""x"": 59.182625, ""y"": 49.653826, ""z"": -5, ""lc"": 0, ""sc"": 15}, ""cneh"": 172.108888889, ""cnkb"": 17748, ""uacl"": 4178867978239, ""pflds"": {}, ""cnm_km"": 3635, ""pfldsmax"": 0}"
26893697,BPA_Toyota Coaster 313SW12,2,0,1770829950,49.653326,59.182795,313SW12,"{""id"": 26893697, ""mu"": 0, ""nm"": ""BPA_Toyota Coaster 313SW12"", ""cfl"": 1811, ""cls"": 2, ""cnm"": 273748, ""pos"": {""c"": 0, ""f"": 5, ""s"": 4, ""t"": 1770829950, ""x"": 59.182795, ""y"": 49.653326, ""z"": -51, ""lc"": 0, ""sc"": 5}, ""cneh"": 8196.31583333, ""cnkb"": 350175, ""uacl"": 4178867978239, ""pflds"": {""1"": {""n"": ""registration_plate"", ""v"": ""313SW12"", ""ct"": 1738300089, ""id"": 1, ""mt"": 1752213107}, ""3"": {""n"": ""model"", ""v"": ""Toyota Coaster"", ""ct"": 1738300089, ""id"": 3, ""mt"": 1751610057}, ""4"": {""n"": ""color"", ""v"": ""Galileosky 7x"", ""ct"": 1738300089, ""id"": 4, ""mt"": 1738300089}}, ""cnm_km"": 273748, ""pfldsmax"": 0}"
26893657,BPA_Toyota Coaster 133PD12,2,0,1771302038,49.653285,59.181746,133PD12,"{""id"": 26893657, ""mu"": 0, ""nm"": ""BPA_Toyota Coaster 133PD12"", ""cfl"": 1811, ""cls"": 2, ""cnm"": 129975, ""pos"": {""c"": 42, ""f"": 7, ""s"": 0, ""t"": 1771302038, ""x"": 59.181746, ""y"": 49.653285, ""z"": -4, ""lc"": 0, ""sc"": 15}, ""cneh"": 2790.34638889, ""cnkb"": 196822, ""uacl"": 4178867978239, ""pflds"": {""1"": {""n"": ""registration_plate"", ""v"": ""133PD12"", ""ct"": 1738300043, ""id"": 1, ""mt"": 1752213123}, ""3"": {""n"": ""model"", ""v"": ""Toyota Coaster"", ""ct"": 1738300043, ""id"": 3, ""mt"": 1751610070}, ""4"": {""n"": ""color"", ""v"": ""Galileosky 7x"", ""ct"": 1738300043, ""id"": 4, ""mt"": 1738300043}}, ""cnm_km"": 129975, ""pfldsmax"": 0}"
27971149,BPA_Toyota Coaster 982ZH12,2,0,1771302024,49.673986,59.237185,982ZH12,"{""id"": 27971149, ""mu"": 0, ""nm"": ""BPA_Toyota Coaster 982ZH12"", ""cfl"": 1811, ""cls"": 2, ""cnm"": 123409, ""pos"": {""c"": 0, ""f"": 7, ""s"": 0, ""t"": 1771302024, ""x"": 59.237185, ""y"": 49.673986, ""z"": 6, ""lc"": 0, ""sc"": 15}, ""cneh"": 3434.45833333, ""cnkb"": 180974, ""uacl"": 4178867978239, ""pflds"": {""1"": {""n"": ""vin"", ""v"": ""JTGCECB80P6937010"", ""ct"": 1712031710, ""id"": 1, ""mt"": 1712031710}, ""2"": {""n"": ""registration_plate"", ""v"": ""982ZH12"", ""ct"": 1713246837, ""id"": 2, ""mt"": 1752213147}, ""4"": {""n"": ""model"", ""v"": ""Toyota Coaster"", ""ct"": 1738299982, ""id"": 4, ""mt"": 1751610079}, ""5"": {""n"": ""color"", ""v"": ""Galileosky 7x"", ""ct"": 1738299982, ""id"": 5, ""mt"": 1738299982}}, ""cnm_km"": 123409, ""pfldsmax"": 0}"
27971216,BPA_Toyota Coaster 317ZF12,2,0,1771302075,49.652516,59.181796,317ZF12,"{""id"": 27971216, ""mu"": 0, ""nm"": ""BPA_Toyota Coaster 317ZF12"", ""cfl"": 1811, ""cls"": 2, ""cnm"": 108607, ""pos"": {""c"": 232, ""f"": 7, ""s"": 0, ""t"": 1771302075, ""x"": 59.181796, ""y"": 49.652516, ""z"": -7, ""lc"": 0, ""sc"": 15}, ""cneh"": 3018.97611111, ""cnkb"": 194022, ""uacl"": 4178867978239, ""pflds"": {""1"": {""n"": ""vin"", ""v"": ""JTGCECB87P6937036"", ""ct"": 1712031735, ""id"": 1, ""mt"": 1712031735}, ""2"": {""n"": ""registration_plate"", ""v"": ""317ZF12"", ""ct"": 1713246841, ""id"": 2, ""mt"": 1752213167}, ""4"": {""n"": ""model"", ""v"": ""Toyota Coaster"", ""ct"": 1738299955, ""id"": 4, ""mt"": 1751610088}, ""5"": {""n"": ""color"", ""v"": ""Galileosky 7x"", ""ct"": 1738299955, ""id"": 5, ""mt"": 1738299955}}, ""cnm_km"": 108607, ""pfldsmax"": 0}"
27971211,BPA_Toyota Coaster 554LD12,2,0,1771301882,49.65286,59.181183,554LD12,"{""id"": 27971211, ""mu"": 0, ""nm"": ""BPA_Toyota Coaster 554LD12"", ""cfl"": 1811, ""cls"": 2, ""cnm"": 107434, ""pos"": {""c"": 0, ""f"": 7, ""s"": 0, ""t"": 1771301882, ""x"": 59.181183, ""y"": 49.65286, ""z"": 31, ""lc"": 0, ""sc"": 15}, ""cneh"": 3237.50027778, ""cnkb"": 159522, ""uacl"": 4178867978239, ""pflds"": {""1"": {""n"": ""vin"", ""v"": ""JTGCECB80P6937041"", ""ct"": 1712031768, ""id"": 1, ""mt"": 1712031768}, ""2"": {""n"": ""registration_plate"", ""v"": ""554LD12"", ""ct"": 1713246846, ""id"": 2, ""mt"": 1752213183}, ""4"": {""n"": ""model"", ""v"": ""Toyota Coaster"", ""ct"": 1738299928, ""id"": 4, ""mt"": 1751610101}, ""5"": {""n"": ""color"", ""v"": ""Galileosky 7x"", ""ct"": 1738299928, ""id"": 5, ""mt"": 1738299928}}, ""cnm_km"": 107434, ""pfldsmax"": 0}"
26456658,BPA_Toyota Coaster 812PA12,2,0,1771302057,49.653035,59.181368,812PA12,"{""id"": 26456658, ""mu"": 0, ""nm"": ""BPA_Toyota Coaster 812PA12"", ""cfl"": 1808, ""cls"": 2, ""cnm"": 789273, ""pos"": {""c"": 127, ""f"": 5, ""s"": 0, ""t"": 1771302057, ""x"": 59.181368, ""y"": 49.653035, ""z"": 5, ""lc"": 0, ""sc"": 15}, ""cneh"": 18413.7713889, ""cnkb"": 531891, ""uacl"": 4178867978239, ""pflds"": {""2"": {""n"": ""registration_plate"", ""v"": ""812PA12"", ""ct"": 1738300370, ""id"": 2, ""mt"": 1752213200}, ""3"": {""n"": ""model"", ""v"": ""Toyota Coaster"", ""ct"": 1738300370, ""id"": 3, ""mt"": 1751610112}, ""4"": {""n"": ""color"", ""v"": ""Galileosky 5.0"", ""ct"": 1738300370, ""id"": 4, ""mt"": 1738300370}}, ""cnm_km"": 789273, ""pfldsmax"": 0}"
26456666,BPA_Toyota Coaster 873ÐÐ¡12,2,0,1771301428,49.545415,59.960831,873ÐÐ¡12,"{""id"": 26456666, ""mu"": 0, ""nm"": ""BPA_Toyota Coaster 873ÐÐ¡12"", ""cfl"": 1808, ""cls"": 2, ""cnm"": 889817, ""pos"": {""c"": 288, ""f"": 7, ""s"": 87, ""t"": 1771301428, ""x"": 59.960831, ""y"": 49.545415, ""z"": 135, ""lc"": 0, ""sc"": 15}, ""cneh"": 20006.5711111, ""cnkb"": 533684, ""uacl"": 4178867978239, ""pflds"": {""1"": {""n"": ""registration_plate"", ""v"": ""873ÐÐ¡12"", ""ct"": 1675247743, ""id"": 1, ""mt"": 1752213219}, ""3"": {""n"": ""model"", ""v"": ""Toyota Coaster"", ""ct"": 1738300314, ""id"": 3, ""mt"": 1751610121}, ""4"": {""n"": ""color"", ""v"": ""Galileosky 7x"", ""ct"": 1738300314, ""id"": 4, ""mt"": 1738300314}}, ""cnm_km"": 889817, ""pfldsmax"": 0}"
26456674,BPA_Toyota Coaster 144 XS12,2,0,1771302020,49.653018,59.181478,144XS12,"{""id"": 26456674, ""mu"": 0, ""nm"": ""BPA_Toyota Coaster 144 XS12"", ""cfl"": 1811, ""cls"": 2, ""cnm"": 492184, ""pos"": {""c"": 0, ""f"": 5, ""s"": 0, ""t"": 1771302020, ""x"": 59.181478, ""y"": 49.653018, ""z"": 0, ""lc"": 0, ""sc"": 15}, ""cneh"": 1056512.84639, ""cnkb"": 335299, ""uacl"": 4178867978239, ""pflds"": {""1"": {""n"": ""registration_plate"", ""v"": ""144XS12"", ""ct"": 1738300270, ""id"": 1, ""mt"": 1752213233}, ""3"": {""n"": ""model"", ""v"": ""Toyota Coaster"", ""ct"": 1738300270, ""id"": 3, ""mt"": 1751610131}, ""4"": {""n"": ""color"", ""v"": ""Galileosky 5.0"", ""ct"": 1738300270, ""id"": 4, ""mt"": 1738300270}}, ""cnm_km"": 492184, ""pfldsmax"": 0}"
26456872,BPA_Toyota Coaster 790BU12,2,0,1771302071,49.583768,59.705903,790BU12,"{""id"": 26456872, ""mu"": 0, ""nm"": ""BPA_Toyota Coaster 790BU12"", ""cfl"": 1811, ""cls"": 2, ""cnm"": 774007, ""pos"": {""c"": 296, ""f"": 5, ""s"": 87, ""t"": 1771302071, ""x"": 59.705903, ""y"": 49.583768, ""z"": -104, ""lc"": 0, ""sc"": 15}, ""cneh"": 10526.3244444, ""cnkb"": 584721, ""uacl"": 4178867978239, ""pflds"": {""1"": {""n"": ""registration_plate"", ""v"": ""790BU12"", ""ct"": 1675249835, ""id"": 1, ""mt"": 1752213254}, ""3"": {""n"": ""model"", ""v"": ""Toyota Coaster"", ""ct"": 1738300538, ""id"": 3, ""mt"": 1751610144}, ""4"": {""n"": ""color"", ""v"": ""Galileosky 5.0"", ""ct"": 1738300538, ""id"": 4, ""mt"": 1738300538}}, ""cnm_km"": 774007, ""pfldsmax"": 0}"
26456876,BPA_Toyota Coaster 774RE12,2,0,1771302023,49.653728,59.182415,774RE12,"{""id"": 26456876, ""mu"": 0, ""nm"": ""BPA_Toyota Coaster 774RE12"", ""cfl"": 1808, ""cls"": 2, ""cnm"": 647690, ""pos"": {""c"": 0, ""f"": 5, ""s"": 0, ""t"": 1771302023, ""x"": 59.182415, ""y"": 49.653728, ""z"": -4, ""lc"": 0, ""sc"": 15}, ""cneh"": 1064749.30611, ""cnkb"": 455734, ""uacl"": 4178867978239, ""pflds"": {""1"": {""n"": ""registration_plate"", ""v"": ""774RE12"", ""ct"": 1738300505, ""id"": 1, ""mt"": 1752213270}, ""3"": {""n"": ""model"", ""v"": ""Toyota Coaster"", ""ct"": 1738300505, ""id"": 3, ""mt"": 1751610154}, ""4"": {""n"": ""color"", ""v"": ""Galileosky 5.0"", ""ct"": 1738300505, ""id"": 4, ""mt"": 1738300505}}, ""cnm_km"": 647690, ""pfldsmax"": 0}"
26456981,BPA_Toyota Coaster 799RP12,2,0,1771302071,49.570685,59.753001,799RP12,"{""id"": 26456981, ""mu"": 0, ""nm"": ""BPA_Toyota Coaster 799RP12"", ""cfl"": 1808, ""cls"": 2, ""cnm"": 958799, ""pos"": {""c"": 262, ""f"": 5, ""s"": 94, ""t"": 1771302071, ""x"": 59.753001, ""y"": 49.570685, ""z"": -21, ""lc"": 0, ""sc"": 15}, ""cneh"": 1022481.23139, ""cnkb"": 499583, ""uacl"": 4178867978239, ""pflds"": {""1"": {""n"": ""registration_plate"", ""v"": ""799RP12"", ""ct"": 1738300478, ""id"": 1, ""mt"": 1752213284}, ""3"": {""n"": ""model"", ""v"": ""Toyota Coaster"", ""ct"": 1738300478, ""id"": 3, ""mt"": 1751610164}, ""4"": {""n"": ""color"", ""v"": ""Galileosky 5.0"", ""ct"": 1738300478, ""id"": 4, ""mt"": 1738300478}}, ""cnm_km"": 958799, ""pfldsmax"": 0}"
26456998,BPA_Toyota Coaster 374CE12,2,0,1771302071,49.568903,59.775471,374CE12,"{""id"": 26456998, ""mu"": 0, ""nm"": ""BPA_Toyota Coaster 374CE12"", ""cfl"": 1811, ""cls"": 2, ""cnm"": 834162, ""pos"": {""c"": 276, ""f"": 5, ""s"": 84, ""t"": 1771302071, ""x"": 59.775471, ""y"": 49.568903, ""z"": 23, ""lc"": 0, ""sc"": 15}, ""cneh"": 16546.0897222, ""cnkb"": 523007, ""uacl"": 4178867978239, ""pflds"": {""1"": {""n"": ""registration_plate"", ""v"": ""374CE12"", ""ct"": 1738300450, ""id"": 1, ""mt"": 1752213299}, ""3"": {""n"": ""model"", ""v"": ""Toyota Coaster"", ""ct"": 1738300450, ""id"": 3, ""mt"": 1751610176}, ""4"": {""n"": ""color"", ""v"": ""Galileosky 5.0"", ""ct"": 1738300450, ""id"": 4, ""mt"": 1738300450}}, ""cnm_km"": 834162, ""pfldsmax"": 0}"
26457005,BPA_Toyota Coaster 671XZ12,2,0,1771302039,49.653583,59.18237,671XZ12,"{""id"": 26457005, ""mu"": 0, ""nm"": ""BPA_Toyota Coaster 671XZ12"", ""cfl"": 1811, ""cls"": 2, ""cnm"": 580046, ""pos"": {""c"": 244, ""f"": 7, ""s"": 0, ""t"": 1771302039, ""x"": 59.18237, ""y"": 49.653583, ""z"": -7, ""lc"": 0, ""sc"": 15}, ""cneh"": 15706.7911111, ""cnkb"": 475555, ""uacl"": 4178867978239, ""pflds"": {""1"": {""n"": ""registration_plate"", ""v"": ""671XZ12"", ""ct"": 1675251040, ""id"": 1, ""mt"": 1752213316}, ""3"": {""n"": ""model"", ""v"": ""Toyota Coaster"", ""ct"": 1738300423, ""id"": 3, ""mt"": 1751610187}, ""4"": {""n"": ""color"", ""v"": ""Galileosky 7x"", ""ct"": 1738300423, ""id"": 4, ""mt"": 1738300423}}, ""cnm_km"": 580046, ""pfldsmax"": 0}"
26457009,BPA_Toyota Coaster 415JD12,2,0,1771301429,49.527028,60.041381,415JD12,"{""id"": 26457009, ""mu"": 0, ""nm"": ""BPA_Toyota Coaster 415JD12"", ""cfl"": 1811, ""cls"": 2, ""cnm"": 868648, ""pos"": {""c"": 287, ""f"": 5, ""s"": 91, ""t"": 1771301429, ""x"": 60.041381, ""y"": 49.527028, ""z"": 148, ""lc"": 0, ""sc"": 15}, ""cneh"": 15548.4491667, ""cnkb"": 634889, ""uacl"": 4178867978239, ""pflds"": {""1"": {""n"": ""registration_plate"", ""v"": ""415JD12"", ""ct"": 1738300398, ""id"": 1, ""mt"": 1752213333}, ""3"": {""n"": ""model"", ""v"": ""Toyota Coaster"", ""ct"": 1738300398, ""id"": 3, ""mt"": 1751610197}, ""4"": {""n"": ""color"", ""v"": ""Galileosky 5.0"", ""ct"": 1738300398, ""id"": 4, ""mt"": 1738300398}}, ""cnm_km"": 868648, ""pfldsmax"": 0}"
26457013,BPA_Toyota Coaster 990GP12,2,0,1771302067,49.56942,59.768921,990GP12,"{""id"": 26457013, ""mu"": 0, ""nm"": ""BPA_Toyota Coaster 990GP12"", ""cfl"": 1811, ""cls"": 2, ""cnm"": 752052, ""pos"": {""c"": 276, ""f"": 7, ""s"": 88, ""t"": 1771302067, ""x"": 59.768921, ""y"": 49.56942, ""z"": 4, ""lc"": 0, ""sc"": 15}, ""cneh"": 192996.6525, ""cnkb"": 418297, ""uacl"": 4178867978239, ""pflds"": {""1"": {""n"": ""registration_plate"", ""v"": ""990GP12"", ""ct"": 1675251123, ""id"": 1, ""mt"": 1752213348}, ""3"": {""n"": ""model"", ""v"": ""Toyota Coaster"", ""ct"": 1738300340, ""id"": 3, ""mt"": 1751610207}, ""4"": {""n"": ""color"", ""v"": ""Galileosky 7x"", ""ct"": 1738300340, ""id"": 4, ""mt"": 1738300340}}, ""cnm_km"": 752052, ""pfldsmax"": 0}"
29935277,BPA_650 OU|12 DAEWOO BH 120F GDW,2,0,1771301754,49.503695,60.08194,,"{""id"": 29935277, ""mu"": 0, ""nm"": ""BPA_650 OU|12 DAEWOO BH 120F GDW"", ""cfl"": 1811, ""cls"": 2, ""cnm"": 3273, ""pos"": {""c"": 76, ""f"": 7, ""s"": 0, ""t"": 1771301754, ""x"": 60.08194, ""y"": 49.503695, ""z"": 148, ""lc"": 0, ""sc"": 15}, ""cneh"": 125.448333333, ""cnkb"": 11155, ""uacl"": 4178867978239, ""pflds"": {}, ""cnm_km"": 3273, ""pfldsmax"": 0}"
29935258,BPA_919 CW|12 DAEWOO BH 120F GDW,2,0,1770575851,49.653688,59.183168,,"{""id"": 29935258, ""mu"": 0, ""nm"": ""BPA_919 CW|12 DAEWOO BH 120F GDW"", ""cfl"": 1811, ""cls"": 2, ""cnm"": 1436, ""pos"": {""c"": 308, ""f"": 7, ""s"": 0, ""t"": 1770575851, ""x"": 59.183168, ""y"": 49.653688, ""z"": -15, ""lc"": 0, ""sc"": 15}, ""cneh"": 58.1841666667, ""cnkb"": 5467, ""uacl"": 4178867978239, ""pflds"": {}, ""cnm_km"": 1436, ""pfldsmax"": 0}"
29935604,BPA_116 MK|12 DAEWOO BH 120F GDW,2,0,1771266859,49.652731,59.182996,,"{""id"": 29935604, ""mu"": 0, ""nm"": ""BPA_116 MK|12 DAEWOO BH 120F GDW"", ""cfl"": 1811, ""cls"": 2, ""cnm"": 2376, ""pos"": {""c"": 0, ""f"": 7, ""s"": 0, ""t"": 1771266859, ""x"": 59.182996, ""y"": 49.652731, ""z"": -7, ""lc"": 0, ""sc"": 15}, ""cneh"": 118.461666667, ""cnkb"": 10385, ""uacl"": 4178867978239, ""pflds"": {}, ""cnm_km"": 2376, ""pfldsmax"": 0}"
29935497,BPA_107 RC|12 DAEWOO BH 120F GDW,2,0,1771302022,49.50365,60.081801,,"{""id"": 29935497, ""mu"": 0, ""nm"": ""BPA_107 RC|12 DAEWOO BH 120F GDW"", ""cfl"": 1811, ""cls"": 2, ""cnm"": 1770, ""pos"": {""c"": 263, ""f"": 7, ""s"": 0, ""t"": 1771302022, ""x"": 60.081801, ""y"": 49.50365, ""z"": 153, ""lc"": 0, ""sc"": 15}, ""cneh"": 160.100277778, ""cnkb"": 7544, ""uacl"": 4178867978239, ""pflds"": {}, ""cnm_km"": 1770, ""pfldsmax"": 0}"
29935413,BPA_528 EQ|12 DAEWOO BH 120F GDW,2,0,1770391708,49.652828,59.183163,,"{""id"": 29935413, ""mu"": 0, ""nm"": ""BPA_528 EQ|12 DAEWOO BH 120F GDW"", ""cfl"": 1811, ""cls"": 2, ""cnm"": 1046, ""pos"": {""c"": 325, ""f"": 7, ""s"": 0, ""t"": 1770391708, ""x"": 59.183163, ""y"": 49.652828, ""z"": -16, ""lc"": 0, ""sc"": 15}, ""cneh"": 79.3261111111, ""cnkb"": 5495, ""uacl"": 4178867978239, ""pflds"": {}, ""cnm_km"": 1046, ""pfldsmax"": 0}"
29935343,BPA_814 FO|12 DAEWOO BH 120F GDW,2,0,1771302066,49.516266,60.07822,,"{""id"": 29935343, ""mu"": 0, ""nm"": ""BPA_814 FO|12 DAEWOO BH 120F GDW"", ""cfl"": 1811, ""cls"": 2, ""cnm"": 2747, ""pos"": {""c"": 111, ""f"": 7, ""s"": 0, ""t"": 1771302066, ""x"": 60.07822, ""y"": 49.516266, ""z"": 149, ""lc"": 0, ""sc"": 8}, ""cneh"": 167.691666667, ""cnkb"": 11326, ""uacl"": 4178867978239, ""pflds"": {}, ""cnm_km"": 2747, ""pfldsmax"": 0}"
29935395,BPA_395 YE|12 DAEWOO BH 120F GDW,2,0,1771266787,49.653575,59.183235,,"{""id"": 29935395, ""mu"": 0, ""nm"": ""BPA_395 YE|12 DAEWOO BH 120F GDW"", ""cfl"": 1811, ""cls"": 2, ""cnm"": 2705, ""pos"": {""c"": 258, ""f"": 7, ""s"": 0, ""t"": 1771266787, ""x"": 59.183235, ""y"": 49.653575, ""z"": -14, ""lc"": 0, ""sc"": 15}, ""cneh"": 123.675555556, ""cnkb"": 9583, ""uacl"": 4178867978239, ""pflds"": {}, ""cnm_km"": 2705, ""pfldsmax"": 0}"
29935360,BPA_776 YD|12 DAEWOO BH 120F GDW,2,0,1771302055,49.516443,60.078395,,"{""id"": 29935360, ""mu"": 0, ""nm"": ""BPA_776 YD|12 DAEWOO BH 120F GDW"", ""cfl"": 1811, ""cls"": 2, ""cnm"": 3456, ""pos"": {""c"": 235, ""f"": 7, ""s"": 0, ""t"": 1771302055, ""x"": 60.078395, ""y"": 49.516443, ""z"": 156, ""lc"": 0, ""sc"": 15}, ""cneh"": 171.823888889, ""cnkb"": 13438, ""uacl"": 4178867978239, ""pflds"": {}, ""cnm_km"": 3456, ""pfldsmax"": 0}"
29328730,BPA_225 HL|12 Toyota Hiace,2,0,1771302073,49.653208,59.14975,,"{""id"": 29328730, ""mu"": 0, ""nm"": ""BPA_225 HL|12 Toyota Hiace"", ""cfl"": 1811, ""cls"": 2, ""cnm"": 881, ""pos"": {""c"": 195, ""f"": 7, ""s"": 9, ""t"": 1771302073, ""x"": 59.14975, ""y"": 49.653208, ""z"": 28, ""lc"": 0, ""sc"": 15}, ""cneh"": 119.562222222, ""cnkb"": 9064, ""uacl"": 4178867978239, ""pflds"": {}, ""cnm_km"": 881, ""pfldsmax"": 0}"
29832927,ÐÐ¢Ð_368 FR|12 Yutong Ð°Ð²ÑÐ¾Ð±ÑÑ,2,0,1771302067,49.653193,59.181736,,"{""id"": 29832927, ""mu"": 0, ""nm"": ""ÐÐ¢Ð_368 FR|12 Yutong Ð°Ð²ÑÐ¾Ð±ÑÑ"", ""cfl"": 1811, ""cls"": 2, ""cnm"": 3624, ""pos"": {""c"": 0, ""f"": 7, ""s"": 0, ""t"": 1771302067, ""x"": 59.181736, ""y"": 49.653193, ""z"": -6, ""lc"": 0, ""sc"": 12}, ""cneh"": 171.633888889, ""cnkb"": 12345, ""uacl"": 4178867978239, ""pflds"": {}, ""cnm_km"": 3624, ""pfldsmax"": 0}"
29835360,ÐÐ¢Ð_255 OG|12 Yutong Ð°Ð²ÑÐ¾Ð±ÑÑ,2,0,1771302071,49.68738,59.251438,,"{""id"": 29835360, ""mu"": 0, ""nm"": ""ÐÐ¢Ð_255 OG|12 Yutong Ð°Ð²ÑÐ¾Ð±ÑÑ"", ""cfl"": 1811, ""cls"": 2, ""cnm"": 3976, ""pos"": {""c"": 279, ""f"": 7, ""s"": 54, ""t"": 1771302071, ""x"": 59.251438, ""y"": 49.68738, ""z"": 1, ""lc"": 0, ""sc"": 15}, ""cneh"": 212.451388889, ""cnkb"": 18440, ""uacl"": 4178867978239, ""pflds"": {}, ""cnm_km"": 3976, ""pfldsmax"": 0}"
29832842,ÐÐ¢Ð_336 WR|12 Yutong Ð°Ð²ÑÐ¾Ð±ÑÑ,2,0,1771301978,49.650326,59.17124,,"{""id"": 29832842, ""mu"": 0, ""nm"": ""ÐÐ¢Ð_336 WR|12 Yutong Ð°Ð²ÑÐ¾Ð±ÑÑ"", ""cfl"": 1811, ""cls"": 2, ""cnm"": 4025, ""pos"": {""c"": 321, ""f"": 7, ""s"": 0, ""t"": 1771301978, ""x"": 59.17124, ""y"": 49.650326, ""z"": 0, ""lc"": 0, ""sc"": 15}, ""cneh"": 218.613611111, ""cnkb"": 24907, ""uacl"": 4178867978239, ""pflds"": {}, ""cnm_km"": 4025, ""pfldsmax"": 0}"
29835865,ÐÐ¢Ð_942 IO|12 Yutong Ð°Ð²ÑÐ¾Ð±ÑÑ,2,0,1771302057,49.653238,59.182215,,"{""id"": 29835865, ""mu"": 0, ""nm"": ""ÐÐ¢Ð_942 IO|12 Yutong Ð°Ð²ÑÐ¾Ð±ÑÑ"", ""cfl"": 1811, ""cls"": 2, ""cnm"": 1473, ""pos"": {""c"": 0, ""f"": 7, ""s"": 0, ""t"": 1771302057, ""x"": 59.182215, ""y"": 49.653238, ""z"": 5, ""lc"": 0, ""sc"": 15}, ""cneh"": 84.1477777778, ""cnkb"": 8660, ""uacl"": 4178867978239, ""pflds"": {}, ""cnm_km"": 1473, ""pfldsmax"": 0}"
29835226,ÐÐ¢Ð_212 HP|12 Yutong Ð°Ð²ÑÐ¾Ð±ÑÑ,2,0,1771302066,49.65036,59.171203,,"{""id"": 29835226, ""mu"": 0, ""nm"": ""ÐÐ¢Ð_212 HP|12 Yutong Ð°Ð²ÑÐ¾Ð±ÑÑ"", ""cfl"": 1811, ""cls"": 2, ""cnm"": 4090, ""pos"": {""c"": 0, ""f"": 7, ""s"": 0, ""t"": 1771302066, ""x"": 59.171203, ""y"": 49.65036, ""z"": 7, ""lc"": 0, ""sc"": 15}, ""cneh"": 199.227222222, ""cnkb"": 17453, ""uacl"": 4178867978239, ""pflds"": {}, ""cnm_km"": 4090, ""pfldsmax"": 0}"
29833020,ÐÐ¢Ð_651 JY|12 Yutong Ð°Ð²ÑÐ¾Ð±ÑÑ,2,0,1771266166,49.653705,59.182506,,"{""id"": 29833020, ""mu"": 0, ""nm"": ""ÐÐ¢Ð_651 JY|12 Yutong Ð°Ð²ÑÐ¾Ð±ÑÑ"", ""cfl"": 1811, ""cls"": 2, ""cnm"": 536, ""pos"": {""c"": 233, ""f"": 7, ""s"": 0, ""t"": 1771266166, ""x"": 59.182506, ""y"": 49.653705, ""z"": -16, ""lc"": 0, ""sc"": 15}, ""cneh"": 24.2786111111, ""cnkb"": 2515, ""uacl"": 4178867978239, ""pflds"": {}, ""cnm_km"": 536, ""pfldsmax"": 0}"
